Prediction,True_level
Pass,Pass
Pass,Pass
Pass,Pass
Pass,Pass
Pass,Pass
Pass,Pass
Pass,Pass
Pass,Pass
Pass,Pass
Pass,Pass
Pass,Pass
Pass,Pass
Pass,Pass
Pass,Pass
Pass,Pass
Pass,Pass
Pass,Pass
Pass,Pass
Distinction,Pass
Distinction,Pass
Pass,Pass
Pass,Pass
Pass,Pass
Pass,Pass
Pass,Pass
Pass,Pass
Distinction,Distinction
Pass,Pass
Pass,Pass
Pass,Pass
Pass,Pass
Pass,Pass
Fail,Fail
Pass,Pass
Pass,Pass
Pass,Pass
Pass,Pass
Pass,Fail
Pass,Pass
Distinction,Pass
Distinction,Distinction
Pass,Pass
Pass,Pass
Pass,Pass
Distinction,Pass
Pass,Pass
Pass,Pass
Pass,Pass
Distinction,Fail
Distinction,Pass
Pass,Pass
Pass,Pass
Pass,Pass
Pass,Pass
Pass,Pass
Pass,Pass
Pass,Pass
Pass,Pass
Pass,Distinction
Distinction,Pass
Pass,Pass
Pass,Fail
Distinction,Distinction
Pass,Pass
Pass,Fail
Pass,Pass
Pass,Pass
Distinction,Distinction
Pass,Pass
Pass,Pass
Pass,Pass
Pass,Pass
Distinction,Pass
Pass,Fail
Pass,Pass
Pass,Pass
Pass,Pass
Pass,Pass
Pass,Pass
Pass,Pass
Distinction,Pass
Pass,Pass
Pass,Pass
Pass,Pass
Pass,Pass
Pass,Pass
Pass,Fail
Pass,Pass
Pass,Pass
Pass,Pass
Pass,Fail
Pass,Pass
Distinction,Distinction
Pass,Pass
Pass,Pass
Distinction,Pass
Pass,Pass
Pass,Pass
Distinction,Pass
Pass,Pass
Pass,Pass
Distinction,Distinction
Distinction,Distinction
Pass,Pass
Pass,Pass
Distinction,Pass
Pass,Pass
Pass,Pass
Pass,Pass
Pass,Fail
Pass,Pass
Pass,Pass
Pass,Pass
Distinction,Distinction
Pass,Pass
Pass,Pass
Pass,Pass
Pass,Pass
Pass,Pass
Pass,Pass
Pass,Pass
Pass,Pass
Pass,Fail
Pass,Pass
Pass,Distinction
Distinction,Pass
Pass,Pass
Pass,Pass
Pass,Pass
Pass,Pass
Pass,Pass
Pass,Pass
Pass,Pass
Pass,Pass
Pass,Pass
Pass,Pass
Pass,Pass
Pass,Fail
Pass,Distinction
Pass,Pass
Pass,Pass
Pass,Fail
Pass,Pass
Pass,Pass
Pass,Pass
Pass,Pass
Pass,Pass
Pass,Pass
Pass,Pass
Pass,Pass
Pass,Pass
Distinction,Pass
Pass,Pass
Pass,Pass
Pass,Pass
Pass,Pass
Pass,Pass
Pass,Pass
Pass,Pass
Pass,Pass
Pass,Pass
Pass,Pass
Pass,Pass
Pass,Pass
Pass,Distinction
Pass,Distinction
Pass,Fail
Pass,Fail
Distinction,Distinction
Pass,Pass
Pass,Pass
Pass,Pass
Pass,Pass
Pass,Pass
Pass,Fail
Pass,Pass
Pass,Pass
Pass,Pass
Pass,Pass
Pass,Pass
Pass,Pass
Pass,Distinction
Pass,Pass
Distinction,Distinction
Pass,Pass
Pass,Pass
Pass,Pass
Pass,Pass
Distinction,Pass
Pass,Pass
Pass,Pass
Pass,Pass
Pass,Pass
Pass,Pass
Pass,Pass
Pass,Pass
Pass,Distinction
Pass,Pass
Pass,Pass
Pass,Pass
Pass,Pass
Pass,Distinction
Pass,Pass
Pass,Pass
Pass,Pass
Pass,Pass
Pass,Pass
Pass,Pass
Pass,Pass
Pass,Pass
Distinction,Distinction
Pass,Pass
Pass,Pass
Pass,Pass
Pass,Fail
Pass,Pass
Pass,Pass
Pass,Pass
Pass,Pass
Pass,Pass
Pass,Distinction
Pass,Pass
Pass,Pass
Pass,Pass
Pass,Pass
Pass,Pass
Pass,Pass
Pass,Fail
Distinction,Pass
Pass,Distinction
Pass,Pass
Pass,Pass
Pass,Pass
Pass,Pass
Pass,Pass
Pass,Pass
Pass,Pass
Pass,Pass
Distinction,Pass
Pass,Pass
Pass,Pass
Pass,Pass
Pass,Distinction
Pass,Pass
Pass,Pass
Pass,Pass
Pass,Pass
Pass,Pass
Distinction,Distinction
Pass,Fail
Pass,Pass
Pass,Pass
Pass,Pass
Pass,Pass
Pass,Pass
Pass,Pass
Distinction,Pass
Pass,Distinction
Pass,Pass
Pass,Pass
Pass,Fail
Pass,Pass
Pass,Distinction
Pass,Distinction
Pass,Pass
Pass,Pass
Pass,Pass
Pass,Fail
Pass,Pass
Pass,Pass
Pass,Pass
Pass,Pass
Pass,Pass
Pass,Pass
Pass,Pass
Pass,Pass
Distinction,Pass
Pass,Pass
Pass,Pass
Pass,Distinction
Pass,Pass
Pass,Pass
Pass,Pass
Pass,Pass
Pass,Pass
Pass,Distinction
Pass,Fail
Pass,Pass
Pass,Fail
Pass,Pass
Distinction,Pass
Pass,Pass
Pass,Pass
Pass,Pass
Distinction,Pass
Pass,Pass
Pass,Pass
Pass,Pass
Pass,Distinction
Distinction,Pass
Pass,Pass
Distinction,Distinction
Pass,Fail
Pass,Pass
Pass,Pass
Pass,Pass
Pass,Pass
Pass,Pass
Distinction,Distinction
Pass,Pass
Pass,Pass
Pass,Pass
Pass,Pass
Pass,Pass
Pass,Fail
Pass,Pass
Pass,Distinction
Pass,Fail
Pass,Pass
Pass,Pass
Pass,Pass
Pass,Pass
Pass,Pass
Pass,Pass
Distinction,Distinction
Pass,Fail
Pass,Pass
Pass,Pass
Pass,Fail
Pass,Fail
Pass,Pass
Pass,Pass
Pass,Pass
Pass,Distinction
Pass,Pass
Pass,Pass
Pass,Pass
Pass,Distinction
Pass,Distinction
Distinction,Distinction
Pass,Distinction
Pass,Pass
Pass,Pass
Pass,Distinction
Pass,Pass
Pass,Distinction
Pass,Distinction
Pass,Fail
Pass,Pass
Pass,Pass
Pass,Distinction
Fail,Fail
Pass,Pass
Pass,Pass
Pass,Pass
Pass,Pass
Pass,Pass
Pass,Distinction
Pass,Pass
Pass,Pass
Pass,Pass
Pass,Pass
Pass,Pass
Distinction,Pass
Distinction,Distinction
Pass,Distinction
Pass,Distinction
Pass,Fail
Distinction,Distinction
Pass,Distinction
Pass,Pass
Pass,Pass
Pass,Distinction
Pass,Pass
Pass,Distinction
Pass,Distinction
Pass,Pass
Pass,Pass
Distinction,Distinction
Pass,Pass
Pass,Pass
Pass,Pass
Pass,Pass
Pass,Pass
Pass,Pass
Pass,Pass
Pass,Distinction
Pass,Distinction
Pass,Pass
Pass,Pass
Pass,Pass
Pass,Pass
Pass,Distinction
Pass,Pass
Pass,Pass
Pass,Pass
Pass,Distinction
Pass,Pass
Pass,Distinction
Pass,Pass
Pass,Distinction
Pass,Pass
Pass,Pass
Pass,Distinction
Pass,Pass
Fail,Fail
Pass,Pass
Pass,Pass
Fail,Fail
Pass,Distinction
Pass,Pass
Pass,Pass
Pass,Pass
Pass,Pass
Pass,Fail
Pass,Pass
Pass,Pass
Pass,Pass
Pass,Fail
Pass,Distinction
Pass,Pass
Pass,Pass
Fail,Fail
Pass,Pass
Pass,Pass
Pass,Pass
Pass,Pass
Pass,Pass
Pass,Pass
Pass,Pass
Pass,Pass
Pass,Distinction
Pass,Pass
Pass,Fail
Distinction,Distinction
Pass,Pass
Pass,Pass
Pass,Pass
Fail,Fail
Pass,Pass
Pass,Fail
Pass,Fail
Pass,Pass
Pass,Pass
Pass,Pass
Fail,Fail
Pass,Pass
Pass,Fail
Pass,Fail
Pass,Pass
Pass,Distinction
Pass,Pass
Pass,Distinction
Pass,Fail
Pass,Pass
Pass,Pass
Pass,Fail
Pass,Pass
Pass,Pass
Pass,Distinction
Distinction,Fail
Pass,Pass
Pass,Pass
Pass,Pass
Pass,Fail
Pass,Distinction
Pass,Pass
Pass,Pass
Pass,Pass
Pass,Pass
Pass,Pass
Pass,Pass
Pass,Pass
Pass,Pass
Pass,Fail
Pass,Fail
Pass,Pass
Pass,Pass
Pass,Pass
Pass,Pass
Fail,Fail
Pass,Fail
Pass,Pass
Pass,Pass
Pass,Pass
Pass,Pass
Pass,Pass
Pass,Pass
Pass,Pass
Pass,Distinction
Pass,Fail
Pass,Pass
Pass,Distinction
Pass,Pass
Pass,Pass
Pass,Pass
Fail,Fail
Pass,Pass
Pass,Pass
Pass,Fail
Pass,Pass
Pass,Pass
Pass,Pass
Pass,Fail
Pass,Distinction
Pass,Pass
Pass,Pass
Pass,Pass
Pass,Distinction
Pass,Distinction
Pass,Pass
Pass,Pass
Pass,Pass
Pass,Pass
Pass,Distinction
Pass,Pass
Pass,Pass
Pass,Fail
Pass,Fail
Pass,Pass
Pass,Pass
Pass,Pass
Pass,Distinction
Pass,Pass
Pass,Pass
Pass,Pass
Pass,Pass
Pass,Pass
Fail,Fail
Pass,Distinction
Pass,Pass
Pass,Pass
Pass,Fail
Pass,Pass
Pass,Pass
Pass,Pass
Pass,Pass
Pass,Pass
Pass,Pass
Pass,Pass
Pass,Pass
Pass,Fail
Pass,Pass
Pass,Distinction
Pass,Pass
Pass,Distinction
Pass,Pass
Pass,Pass
Pass,Pass
Pass,Fail
Pass,Pass
Pass,Pass
Pass,Distinction
Pass,Fail
Pass,Pass
Pass,Pass
Pass,Pass
Pass,Pass
Pass,Pass
Pass,Pass
Pass,Pass
Pass,Distinction
Fail,Fail
Pass,Pass
Pass,Pass
Pass,Pass
Pass,Pass
Pass,Fail
Pass,Pass
Pass,Fail
Pass,Pass
Pass,Fail
Fail,Fail
Pass,Pass
Pass,Pass
Pass,Pass
Pass,Pass
Pass,Fail
Pass,Pass
Pass,Pass
Pass,Pass
Pass,Pass
Pass,Pass
Pass,Pass
Pass,Fail
Distinction,Distinction
Pass,Pass
Pass,Pass
Pass,Pass
Pass,Pass
Pass,Pass
Pass,Fail
Pass,Pass
Pass,Pass
Pass,Pass
Pass,Pass
Pass,Pass
Pass,Pass
Pass,Pass
Pass,Fail
Pass,Pass
Pass,Pass
Pass,Distinction
Pass,Fail
Pass,Pass
Pass,Pass
Pass,Pass
Pass,Pass
Pass,Fail
Pass,Pass
Pass,Fail
Fail,Fail
Pass,Pass
Pass,Fail
Pass,Fail
Pass,Pass
Pass,Pass
Pass,Pass
Pass,Pass
Pass,Pass
Pass,Distinction
Pass,Pass
Pass,Pass
Pass,Pass
Pass,Pass
Pass,Pass
Pass,Pass
Pass,Pass
Pass,Distinction
Pass,Pass
Pass,Fail
Pass,Pass
Pass,Pass
Pass,Fail
Pass,Pass
Pass,Fail
Distinction,Distinction
Pass,Pass
Pass,Pass
Distinction,Distinction
Pass,Pass
Pass,Pass
Pass,Pass
Pass,Distinction
Pass,Pass
Pass,Distinction
Pass,Pass
Pass,Pass
Pass,Pass
Pass,Pass
Pass,Pass
Pass,Pass
Pass,Distinction
Pass,Pass
Pass,Fail
Pass,Distinction
Pass,Pass
Pass,Pass
Pass,Fail
Pass,Pass
Pass,Pass
Pass,Pass
Pass,Pass
Pass,Pass
Pass,Pass
Pass,Pass
Pass,Pass
Pass,Pass
Pass,Fail
Pass,Pass
Pass,Distinction
Pass,Fail
Pass,Pass
Distinction,Pass
Pass,Fail
Pass,Fail
Pass,Distinction
Pass,Fail
Pass,Pass
Pass,Pass
Pass,Distinction
Pass,Fail
Pass,Pass
Pass,Pass
Pass,Pass
Pass,Fail
Pass,Pass
Pass,Fail
Pass,Pass
Pass,Pass
Pass,Pass
Pass,Pass
Pass,Fail
Pass,Pass
Pass,Distinction
Pass,Pass
Pass,Fail
Pass,Pass
Pass,Distinction
Pass,Pass
Pass,Distinction
Distinction,Pass
Pass,Distinction
Pass,Pass
Pass,Fail
Pass,Pass
Pass,Fail
Pass,Pass
Pass,Distinction
Pass,Pass
Pass,Pass
Pass,Pass
Pass,Pass
Pass,Pass
Pass,Distinction
Pass,Pass
Pass,Fail
Pass,Pass
Pass,Pass
Pass,Pass
Pass,Distinction
Pass,Pass
Pass,Pass
Pass,Fail
Pass,Fail
Pass,Fail
Pass,Pass
Pass,Distinction
Pass,Pass
Pass,Pass
Pass,Pass
Pass,Pass
Pass,Pass
Pass,Pass
Pass,Pass
Pass,Pass
Pass,Pass
Pass,Distinction
Pass,Pass
Pass,Pass
Pass,Pass
Pass,Pass
Pass,Pass
Pass,Pass
Pass,Pass
Pass,Distinction
Pass,Pass
Pass,Pass
Pass,Pass
Pass,Pass
Pass,Pass
Pass,Pass
Pass,Pass
Pass,Fail
Pass,Pass
Pass,Pass
Pass,Pass
Pass,Distinction
Pass,Pass
Pass,Pass
Pass,Fail
Pass,Fail
Pass,Pass
Pass,Pass
Pass,Pass
Pass,Fail
Pass,Pass
Pass,Pass
Pass,Pass
Pass,Pass
Pass,Pass
Pass,Distinction
Pass,Pass
Pass,Distinction
Pass,Distinction
Pass,Pass
Pass,Distinction
Distinction,Pass
Pass,Pass
Distinction,Pass
Pass,Pass
Pass,Fail
Pass,Pass
Pass,Pass
Pass,Pass
Pass,Distinction
Pass,Pass
Pass,Distinction
Pass,Pass
Pass,Pass
Pass,Distinction
Pass,Distinction
Pass,Pass
Pass,Pass
Pass,Fail
Pass,Pass
Pass,Fail
Pass,Pass
Pass,Fail
Pass,Fail
Pass,Pass
Pass,Pass
Pass,Pass
Pass,Pass
Pass,Pass
Pass,Pass
Distinction,Distinction
Pass,Pass
Pass,Distinction
Pass,Pass
Pass,Pass
Pass,Fail
Pass,Pass
Pass,Fail
Pass,Pass
Pass,Pass
Pass,Pass
Distinction,Distinction
Pass,Pass
Distinction,Distinction
Distinction,Pass
Pass,Pass
Pass,Distinction
Pass,Pass
Pass,Pass
Pass,Distinction
Pass,Pass
Pass,Pass
Pass,Distinction
Pass,Pass
Pass,Pass
Pass,Fail
Pass,Fail
Fail,Fail
Pass,Fail
Pass,Fail
Pass,Distinction
Pass,Pass
Pass,Pass
Pass,Pass
Pass,Distinction
Pass,Distinction
Distinction,Pass
Pass,Pass
Pass,Distinction
Pass,Pass
Pass,Pass
Pass,Pass
Pass,Pass
Pass,Pass
Pass,Pass
Pass,Fail
Pass,Pass
Pass,Pass
Pass,Pass
Pass,Pass
Pass,Distinction
Pass,Pass
Pass,Fail
Pass,Pass
Pass,Distinction
Pass,Pass
Pass,Pass
Pass,Pass
Pass,Pass
Pass,Pass
Pass,Pass
Pass,Pass
Pass,Pass
Pass,Distinction
Pass,Pass
Pass,Distinction
Pass,Pass
Pass,Pass
Pass,Distinction
Pass,Pass
Pass,Distinction
Pass,Pass
Distinction,Distinction
Pass,Fail
Fail,Fail
Pass,Pass
Pass,Distinction
Pass,Pass
Pass,Distinction
Pass,Pass
Pass,Distinction
Pass,Pass
Pass,Pass
Pass,Pass
Distinction,Distinction
Pass,Pass
Pass,Pass
Pass,Pass
Pass,Pass
Pass,Pass
Fail,Fail
Pass,Fail
Pass,Fail
Fail,Fail
Pass,Pass
Pass,Pass
Pass,Pass
Pass,Pass
Pass,Distinction
Pass,Pass
Fail,Fail
Pass,Pass
Pass,Fail
Pass,Pass
Pass,Distinction
Pass,Pass
Pass,Fail
Distinction,Distinction
Pass,Fail
Fail,Distinction
Pass,Fail
Pass,Pass
Pass,Distinction
Pass,Pass
Pass,Distinction
Pass,Distinction
Distinction,Distinction
Distinction,Distinction
Pass,Pass
Pass,Fail
Pass,Fail
Pass,Pass
Pass,Pass
Pass,Pass
Pass,Pass
Pass,Pass
Pass,Pass
Pass,Distinction
Pass,Pass
Pass,Pass
Pass,Pass
Pass,Pass
Pass,Pass
Pass,Distinction
Pass,Pass
Pass,Pass
Pass,Pass
Pass,Pass
Pass,Pass
Pass,Pass
Pass,Pass
Pass,Pass
Pass,Pass
Pass,Pass
Pass,Fail
Pass,Pass
Pass,Distinction
Pass,Pass
Pass,Pass
Pass,Distinction
Pass,Pass
Pass,Pass
Pass,Pass
Pass,Pass
Pass,Pass
Pass,Fail
Pass,Pass
Pass,Pass
Pass,Pass
Pass,Pass
Pass,Pass
Pass,Distinction
Distinction,Distinction
Pass,Pass
Pass,Pass
Pass,Pass
Pass,Pass
Distinction,Distinction
Pass,Pass
Pass,Pass
Pass,Pass
Pass,Pass
Pass,Pass
Pass,Pass
Pass,Pass
Pass,Pass
Pass,Pass
Pass,Pass
Fail,Fail
Pass,Pass
Pass,Pass
Pass,Pass
Fail,Fail
Pass,Pass
Pass,Pass
Pass,Pass
Pass,Pass
Pass,Distinction
Pass,Distinction
Distinction,Pass
Pass,Pass
Pass,Pass
Pass,Pass
Pass,Pass
Pass,Pass
Pass,Pass
Pass,Pass
Pass,Pass
Pass,Pass
Fail,Fail
Pass,Pass
Pass,Distinction
Distinction,Distinction
Pass,Fail
Pass,Pass
Pass,Fail
Pass,Pass
Pass,Pass
Pass,Pass
Pass,Distinction
Pass,Distinction
Pass,Pass
Pass,Pass
Pass,Pass
Pass,Pass
Pass,Pass
Pass,Pass
Pass,Pass
Pass,Fail
Pass,Pass
Pass,Fail
Pass,Distinction
Pass,Distinction
Pass,Fail
Pass,Pass
Pass,Distinction
Pass,Pass
Pass,Pass
Pass,Pass
Pass,Pass
Fail,Fail
Pass,Pass
Pass,Pass
Pass,Pass
Pass,Distinction
Pass,Pass
Pass,Pass
Pass,Pass
Pass,Pass
Pass,Pass
Pass,Distinction
Pass,Pass
Pass,Fail
Pass,Pass
Pass,Pass
Pass,Fail
Pass,Fail
Pass,Distinction
Pass,Pass
Pass,Fail
Pass,Distinction
Pass,Pass
Pass,Pass
Pass,Fail
Pass,Pass
Pass,Pass
Pass,Fail
Pass,Pass
Pass,Pass
Pass,Pass
Pass,Pass
Fail,Fail
Pass,Pass
Pass,Fail
Pass,Pass
Pass,Pass
Pass,Distinction
Pass,Pass
Pass,Pass
Pass,Fail
Pass,Pass
Pass,Fail
Pass,Pass
Pass,Pass
Pass,Pass
Pass,Pass
Pass,Fail
Pass,Pass
Pass,Distinction
Pass,Pass
Pass,Pass
Pass,Pass
Pass,Pass
Pass,Pass
Pass,Pass
Pass,Fail
Pass,Pass
Pass,Pass
Pass,Fail
Pass,Pass
Pass,Pass
Pass,Pass
Pass,Pass
Pass,Pass
Pass,Pass
Pass,Fail
Pass,Pass
Pass,Pass
Pass,Pass
Pass,Pass
Pass,Pass
Pass,Pass
Pass,Pass
Pass,Pass
Pass,Pass
Pass,Pass
Pass,Pass
Pass,Pass
Pass,Pass
Pass,Pass
Pass,Pass
Pass,Distinction
Pass,Pass
Pass,Pass
Pass,Pass
Pass,Pass
Pass,Pass
Pass,Pass
Pass,Pass
Pass,Pass
Pass,Pass
Pass,Fail
Pass,Distinction
Pass,Distinction
Pass,Pass
Pass,Distinction
Pass,Pass
Pass,Pass
Pass,Pass
Pass,Pass
Pass,Pass
Pass,Pass
Pass,Pass
Pass,Pass
Pass,Fail
Pass,Pass
Pass,Pass
Pass,Distinction
Pass,Pass
Pass,Pass
Pass,Pass
Pass,Pass
Pass,Fail
Pass,Pass
Pass,Distinction
Pass,Pass
Pass,Pass
Pass,Distinction
Pass,Pass
Pass,Pass
Pass,Pass
Pass,Pass
Pass,Pass
Pass,Pass
Pass,Pass
Pass,Pass
Pass,Pass
Pass,Pass
Distinction,Pass
Pass,Pass
Pass,Pass
Pass,Fail
Pass,Pass
Pass,Pass
Pass,Pass
Pass,Pass
Pass,Fail
Pass,Pass
Pass,Distinction
Pass,Pass
Pass,Pass
Pass,Pass
Pass,Pass
Pass,Pass
Pass,Pass
Pass,Pass
Pass,Fail
Pass,Pass
Pass,Pass
Pass,Distinction
Pass,Pass
Pass,Pass
Pass,Fail
Pass,Distinction
Pass,Pass
Pass,Pass
Pass,Pass
Pass,Pass
Pass,Pass
Pass,Pass
Pass,Distinction
Pass,Fail
Pass,Pass
Pass,Pass
Pass,Pass
Pass,Pass
Pass,Fail
Pass,Distinction
Pass,Pass
Pass,Pass
Pass,Pass
Pass,Pass
Pass,Pass
Pass,Pass
Pass,Pass
Pass,Fail
Pass,Pass
Pass,Pass
Pass,Pass
Pass,Pass
Pass,Fail
Pass,Pass
Pass,Pass
Pass,Pass
Pass,Fail
Pass,Pass
Pass,Pass
Pass,Pass
Pass,Pass
Pass,Pass
Pass,Distinction
Pass,Pass
Pass,Pass
Pass,Pass
Pass,Pass
Pass,Pass
Pass,Pass
Pass,Pass
Pass,Pass
Pass,Pass
Pass,Distinction
Pass,Pass
Pass,Pass
Pass,Fail
Distinction,Pass
Pass,Pass
Pass,Pass
Pass,Pass
Pass,Pass
Pass,Pass
Pass,Pass
Pass,Pass
Pass,Pass
Pass,Pass
Pass,Fail
Pass,Fail
Pass,Pass
Pass,Pass
Pass,Pass
Pass,Pass
Pass,Pass
Pass,Pass
Pass,Pass
Pass,Distinction
Pass,Pass
Pass,Pass
Pass,Distinction
Pass,Pass
Pass,Distinction
Pass,Pass
Pass,Pass
Pass,Pass
Pass,Fail
Pass,Pass
Pass,Fail
Pass,Pass
Pass,Pass
Pass,Pass
Pass,Pass
Pass,Distinction
Pass,Fail
Pass,Pass
Distinction,Pass
Pass,Pass
Pass,Distinction
Pass,Distinction
Pass,Pass
Pass,Distinction
Pass,Pass
Pass,Pass
Fail,Fail
Pass,Pass
Pass,Distinction
Pass,Pass
Distinction,Pass
Pass,Pass
Pass,Pass
Pass,Pass
Pass,Pass
Pass,Pass
Pass,Pass
Pass,Pass
Pass,Pass
Pass,Pass
Pass,Pass
Distinction,Distinction
Pass,Distinction
Pass,Pass
Pass,Fail
Pass,Distinction
Pass,Pass
Pass,Pass
Pass,Pass
Pass,Pass
Pass,Pass
Pass,Fail
Pass,Pass
Pass,Pass
Pass,Pass
Pass,Pass
Pass,Fail
Pass,Fail
Pass,Pass
Pass,Pass
Pass,Distinction
Pass,Pass
Pass,Pass
Pass,Pass
Pass,Pass
Pass,Pass
Pass,Pass
Pass,Pass
Pass,Pass
Pass,Pass
Distinction,Pass
Pass,Pass
Pass,Fail
Pass,Fail
Pass,Pass
Pass,Pass
Pass,Pass
Distinction,Distinction
Pass,Fail
Pass,Pass
Pass,Fail
Pass,Pass
Pass,Distinction
Pass,Pass
Pass,Pass
Pass,Pass
Pass,Pass
Pass,Pass
Pass,Pass
Pass,Pass
Pass,Fail
Pass,Pass
Pass,Pass
Pass,Pass
Pass,Pass
Pass,Pass
Pass,Pass
Pass,Pass
Pass,Pass
Pass,Distinction
Pass,Pass
Pass,Pass
Pass,Pass
Pass,Pass
Pass,Pass
Pass,Pass
Pass,Pass
Pass,Distinction
Pass,Pass
Pass,Pass
Pass,Fail
Pass,Pass
Pass,Pass
Pass,Pass
Pass,Pass
Pass,Pass
Pass,Pass
Pass,Pass
Pass,Pass
Pass,Pass
Pass,Fail
Distinction,Pass
Pass,Pass
Pass,Distinction
Pass,Pass
Pass,Pass
Pass,Pass
Pass,Pass
Pass,Pass
Pass,Pass
Distinction,Distinction
Pass,Distinction
Pass,Pass
Pass,Pass
Pass,Pass
Pass,Pass
Pass,Pass
Pass,Pass
Pass,Distinction
Pass,Pass
Pass,Pass
Pass,Pass
Distinction,Distinction
Pass,Pass
Pass,Pass
Pass,Fail
Distinction,Distinction
Pass,Distinction
Pass,Distinction
Pass,Pass
Pass,Pass
Pass,Pass
Pass,Pass
Distinction,Distinction
Pass,Distinction
Pass,Pass
Pass,Pass
Pass,Pass
Pass,Pass
Pass,Pass
Pass,Pass
Pass,Distinction
Pass,Distinction
Pass,Distinction
Pass,Pass
Pass,Distinction
Pass,Pass
Pass,Fail
Pass,Pass
Pass,Pass
Pass,Pass
Pass,Pass
Pass,Pass
Pass,Pass
Pass,Distinction
Pass,Pass
Pass,Pass
Pass,Pass
Pass,Pass
Pass,Pass
Pass,Pass
Pass,Fail
Pass,Pass
Pass,Fail
Pass,Pass
Pass,Pass
Pass,Distinction
Pass,Pass
Pass,Fail
Pass,Distinction
Pass,Pass
Pass,Distinction
Pass,Pass
Pass,Pass
Pass,Pass
Pass,Pass
Pass,Pass
Pass,Pass
Pass,Pass
Pass,Pass
Pass,Pass
Pass,Distinction
Pass,Distinction
Pass,Fail
Pass,Fail
Pass,Distinction
Pass,Fail
Pass,Pass
Pass,Pass
Pass,Pass
Fail,Fail
Pass,Pass
Pass,Pass
Pass,Pass
Pass,Pass
Pass,Pass
Pass,Distinction
Pass,Fail
Pass,Pass
Pass,Pass
Pass,Fail
Distinction,Distinction
Pass,Pass
Pass,Fail
Pass,Pass
Pass,Pass
Pass,Fail
Pass,Distinction
Pass,Pass
Pass,Pass
Pass,Pass
Pass,Pass
Pass,Pass
Pass,Pass
Pass,Pass
Pass,Pass
Pass,Pass
Pass,Pass
Pass,Pass
Pass,Pass
Pass,Pass
Pass,Pass
Pass,Pass
Pass,Fail
Pass,Pass
Pass,Pass
Pass,Pass
Pass,Pass
Pass,Pass
Pass,Pass
Distinction,Distinction
Pass,Pass
Pass,Pass
Pass,Pass
Pass,Distinction
Pass,Pass
Pass,Pass
Pass,Pass
Pass,Distinction
Pass,Pass
Pass,Pass
Pass,Distinction
Pass,Fail
Pass,Pass
Pass,Pass
Pass,Pass
Pass,Pass
Pass,Pass
Pass,Pass
Pass,Distinction
Pass,Pass
Pass,Pass
Pass,Pass
Fail,Fail
Pass,Pass
Pass,Pass
Pass,Distinction
Pass,Distinction
Fail,Fail
Pass,Distinction
Pass,Pass
Pass,Pass
Pass,Pass
Pass,Pass
Pass,Pass
Pass,Pass
Pass,Pass
Pass,Pass
Pass,Pass
Pass,Pass
Fail,Pass
Distinction,Pass
Pass,Pass
Pass,Pass
Pass,Distinction
Pass,Distinction
Pass,Distinction
Pass,Pass
Pass,Fail
Pass,Distinction
Pass,Pass
Pass,Distinction
Pass,Fail
Pass,Pass
Pass,Pass
Pass,Pass
Pass,Pass
Pass,Fail
Pass,Pass
Pass,Pass
Pass,Pass
Pass,Pass
Pass,Pass
Pass,Distinction
Distinction,Distinction
Pass,Pass
Pass,Distinction
Distinction,Pass
Distinction,Pass
Pass,Pass
Pass,Distinction
Pass,Pass
Pass,Pass
Pass,Pass
Pass,Fail
Pass,Pass
Pass,Pass
Pass,Fail
Pass,Pass
Pass,Pass
Pass,Pass
Pass,Pass
Pass,Fail
Pass,Pass
Pass,Pass
Pass,Pass
Pass,Pass
Pass,Pass
Pass,Pass
Pass,Pass
Pass,Distinction
Pass,Pass
Pass,Pass
Pass,Fail
Pass,Fail
Pass,Distinction
Pass,Distinction
Pass,Pass
Pass,Pass
Pass,Pass
Pass,Pass
Pass,Fail
Pass,Pass
Pass,Pass
Pass,Distinction
Pass,Pass
Pass,Pass
Distinction,Distinction
Pass,Pass
Distinction,Fail
Pass,Fail
Pass,Fail
Pass,Pass
Pass,Pass
Pass,Fail
Pass,Distinction
Pass,Fail
Pass,Pass
Pass,Pass
Pass,Distinction
Pass,Pass
Pass,Pass
Pass,Distinction
Pass,Pass
Pass,Fail
Pass,Pass
Pass,Pass
Pass,Pass
Pass,Pass
Pass,Pass
Pass,Pass
Pass,Fail
Pass,Pass
Pass,Pass
Pass,Pass
Pass,Distinction
Pass,Pass
Pass,Fail
Pass,Pass
Pass,Pass
Pass,Pass
Pass,Fail
Pass,Pass
Pass,Pass
Pass,Fail
Pass,Fail
Pass,Distinction
Pass,Pass
Pass,Pass
Pass,Pass
Pass,Pass
Pass,Pass
Pass,Pass
Pass,Pass
Pass,Pass
Pass,Distinction
Pass,Pass
Pass,Distinction
Pass,Pass
Distinction,Distinction
Pass,Pass
Pass,Pass
Pass,Fail
Pass,Distinction
Pass,Fail
Pass,Fail
Distinction,Distinction
Pass,Pass
Pass,Pass
Pass,Pass
Pass,Pass
Pass,Pass
Pass,Fail
Pass,Fail
Pass,Pass
Pass,Pass
Pass,Pass
Pass,Distinction
Pass,Pass
Pass,Pass
Pass,Pass
Fail,Fail
Pass,Pass
Pass,Pass
Pass,Pass
Pass,Fail
Pass,Pass
Fail,Fail
Pass,Pass
Pass,Pass
Pass,Pass
Pass,Pass
Pass,Pass
Fail,Pass
Pass,Distinction
Pass,Pass
Pass,Pass
Pass,Distinction
Pass,Distinction
Pass,Pass
Pass,Pass
Pass,Pass
Pass,Fail
Pass,Distinction
Pass,Pass
Pass,Fail
Pass,Pass
Pass,Pass
Pass,Pass
Pass,Fail
Pass,Pass
Pass,Pass
Pass,Pass
Pass,Fail
Pass,Fail
Pass,Pass
Pass,Distinction
Pass,Distinction
Pass,Fail
Pass,Pass
Pass,Distinction
Pass,Pass
Pass,Distinction
Pass,Pass
Distinction,Distinction
Pass,Pass
Pass,Pass
Pass,Fail
Pass,Distinction
Pass,Pass
Pass,Pass
Pass,Distinction
Pass,Distinction
Pass,Pass
Pass,Pass
Pass,Distinction
Pass,Fail
Pass,Pass
Pass,Pass
Pass,Pass
Pass,Pass
Pass,Pass
Distinction,Distinction
Pass,Fail
Pass,Pass
Distinction,Distinction
Pass,Pass
Pass,Distinction
Pass,Pass
Distinction,Pass
Pass,Distinction
Pass,Distinction
Distinction,Distinction
Pass,Pass
Pass,Pass
Pass,Pass
Pass,Pass
Pass,Fail
Pass,Pass
Pass,Distinction
Pass,Pass
Pass,Distinction
Pass,Pass
Fail,Fail
Pass,Pass
Pass,Distinction
Pass,Pass
Pass,Pass
Pass,Pass
Pass,Pass
Distinction,Pass
Pass,Pass
Pass,Distinction
Fail,Pass
Pass,Pass
Pass,Distinction
Pass,Pass
Pass,Pass
Pass,Fail
Pass,Fail
Pass,Fail
Distinction,Distinction
Pass,Pass
Pass,Distinction
Fail,Pass
Pass,Pass
Pass,Distinction
Pass,Pass
Pass,Pass
Pass,Distinction
Pass,Distinction
Fail,Fail
Pass,Pass
Pass,Pass
Pass,Pass
Pass,Pass
Pass,Distinction
Pass,Pass
Pass,Distinction
Distinction,Distinction
Pass,Pass
Pass,Pass
Pass,Pass
Pass,Pass
Pass,Pass
Pass,Pass
Pass,Distinction
Pass,Pass
Pass,Distinction
Pass,Pass
Pass,Pass
Pass,Pass
Distinction,Distinction
Pass,Pass
Distinction,Distinction
Fail,Fail
Pass,Pass
Pass,Distinction
Pass,Pass
Fail,Fail
Pass,Pass
Pass,Distinction
Pass,Pass
Pass,Pass
Pass,Fail
Pass,Pass
Pass,Pass
Pass,Pass
Distinction,Distinction
Distinction,Distinction
Pass,Pass
Pass,Pass
Pass,Pass
Fail,Fail
Pass,Pass
Pass,Distinction
Fail,Fail
Pass,Distinction
Pass,Pass
Pass,Pass
Distinction,Distinction
Pass,Pass
Pass,Pass
Pass,Pass
Pass,Distinction
Pass,Pass
Pass,Pass
Pass,Pass
Pass,Fail
Pass,Pass
Pass,Pass
Pass,Pass
Pass,Pass
Pass,Distinction
Pass,Pass
Pass,Distinction
Pass,Distinction
Pass,Pass
Pass,Pass
Pass,Fail
Pass,Pass
Pass,Distinction
Pass,Fail
Distinction,Distinction
Pass,Pass
Pass,Pass
Pass,Pass
Pass,Pass
Pass,Pass
Pass,Pass
Distinction,Distinction
Pass,Pass
Pass,Fail
Pass,Pass
Pass,Pass
Pass,Distinction
Pass,Pass
Pass,Pass
Pass,Distinction
Pass,Distinction
Pass,Pass
Pass,Pass
Pass,Pass
Pass,Pass
Pass,Fail
Pass,Pass
Fail,Fail
Pass,Pass
Pass,Pass
Pass,Distinction
Pass,Distinction
Pass,Pass
Pass,Fail
Pass,Fail
Pass,Pass
Pass,Pass
Pass,Pass
Pass,Pass
Pass,Pass
Pass,Pass
Pass,Pass
Pass,Pass
Pass,Pass
Pass,Pass
Pass,Distinction
Pass,Fail
Pass,Distinction
Pass,Fail
Pass,Pass
Pass,Pass
Pass,Distinction
Pass,Fail
Pass,Pass
Pass,Pass
Pass,Fail
Pass,Fail
Pass,Fail
Pass,Fail
Pass,Fail
Pass,Distinction
Pass,Fail
Pass,Fail
Pass,Fail
Pass,Fail
Pass,Distinction
Pass,Fail
Pass,Fail
Pass,Fail
Pass,Distinction
Pass,Distinction
Pass,Fail
Pass,Fail
Pass,Fail
Pass,Distinction
Distinction,Distinction
Pass,Distinction
Pass,Pass
Pass,Fail
Pass,Fail
Pass,Fail
Pass,Fail
Pass,Fail
Pass,Fail
Pass,Distinction
Pass,Fail
Pass,Distinction
Distinction,Distinction
Distinction,Distinction
Pass,Distinction
Pass,Distinction
Pass,Fail
Distinction,Distinction
Pass,Distinction
Pass,Fail
Pass,Fail
Pass,Distinction
Pass,Distinction
Pass,Fail
Pass,Distinction
Fail,Fail
Pass,Distinction
Pass,Distinction
Pass,Fail
Pass,Fail
Pass,Fail
Pass,Fail
Pass,Fail
Pass,Distinction
Pass,Distinction
Pass,Fail
Pass,Fail
Pass,Distinction
Pass,Fail
Pass,Pass
Pass,Fail
Pass,Pass
Pass,Distinction
Pass,Distinction
Pass,Fail
Pass,Fail
Pass,Fail
Pass,Fail
Pass,Fail
Pass,Fail
Pass,Distinction
Pass,Distinction
Pass,Fail
Pass,Fail
Pass,Distinction
Pass,Fail
Pass,Fail
Pass,Fail
Pass,Distinction
Distinction,Distinction
Pass,Distinction
Pass,Distinction
Pass,Distinction
Pass,Distinction
Distinction,Distinction
Pass,Distinction
Distinction,Distinction
Pass,Distinction
Pass,Fail
Pass,Distinction
Pass,Distinction
Pass,Distinction
Pass,Fail
Pass,Distinction
Pass,Fail
Pass,Distinction
Pass,Distinction
Pass,Fail
Pass,Fail
Pass,Fail
Pass,Fail
Pass,Distinction
Distinction,Fail
Pass,Distinction
Pass,Fail
Pass,Distinction
Pass,Distinction
Pass,Distinction
Distinction,Distinction
Pass,Fail
Pass,Fail
Pass,Fail
Distinction,Distinction
Pass,Fail
Pass,Fail
Pass,Distinction
Pass,Fail
Fail,Fail
Pass,Fail
Pass,Fail
Fail,Fail
Pass,Fail
Pass,Fail
Pass,Fail
Pass,Distinction
Pass,Distinction
Pass,Distinction
Distinction,Distinction
Pass,Fail
Distinction,Distinction
Pass,Distinction
Pass,Fail
Pass,Fail
Distinction,Distinction
Pass,Fail
Pass,Distinction
Pass,Distinction
Fail,Fail
Pass,Distinction
Pass,Fail
Distinction,Distinction
Distinction,Fail
Pass,Distinction
Pass,Distinction
Pass,Fail
Pass,Distinction
Pass,Fail
Pass,Distinction
Pass,Fail
Pass,Distinction
Pass,Fail
Pass,Fail
Pass,Fail
Pass,Distinction
Pass,Distinction
Pass,Fail
Pass,Fail
Fail,Fail
Pass,Distinction
Pass,Distinction
Fail,Fail
Pass,Distinction
Pass,Distinction
Pass,Distinction
Pass,Fail
Pass,Fail
Pass,Fail
Pass,Distinction
Pass,Distinction
Pass,Distinction
Fail,Fail
Fail,Fail
Pass,Fail
Pass,Fail
Pass,Distinction
Distinction,Fail
Pass,Fail
Pass,Fail
Pass,Distinction
Distinction,Distinction
Pass,Fail
Pass,Distinction
Distinction,Distinction
Pass,Fail
Pass,Fail
Pass,Distinction
Pass,Distinction
Pass,Distinction
Pass,Fail
Pass,Fail
Pass,Fail
Pass,Distinction
Distinction,Distinction
Fail,Fail
Pass,Distinction
Pass,Distinction
Pass,Fail
Pass,Fail
Pass,Fail
Pass,Distinction
Pass,Fail
Pass,Fail
Pass,Distinction
Fail,Fail
Pass,Fail
Pass,Pass
Pass,Fail
Pass,Fail
Pass,Pass
Pass,Fail
Pass,Pass
Pass,Distinction
Distinction,Distinction
Distinction,Distinction
Pass,Fail
Pass,Fail
Distinction,Distinction
Pass,Pass
Distinction,Distinction
Pass,Distinction
Pass,Pass
Pass,Pass
Pass,Pass
Distinction,Distinction
Pass,Distinction
Pass,Distinction
Pass,Fail
Distinction,Fail
Pass,Distinction
Pass,Pass
Pass,Fail
Pass,Pass
Pass,Pass
Pass,Distinction
Distinction,Pass
Pass,Fail
Pass,Pass
Pass,Distinction
Fail,Pass
Distinction,Distinction
Pass,Pass
Pass,Pass
Pass,Fail
Pass,Distinction
Pass,Pass
Pass,Pass
Pass,Fail
Pass,Pass
Pass,Pass
Pass,Fail
Pass,Fail
Pass,Fail
Pass,Distinction
Pass,Distinction
Pass,Distinction
Distinction,Pass
Pass,Pass
Pass,Distinction
Pass,Pass
Distinction,Fail
Distinction,Distinction
Distinction,Distinction
Pass,Pass
Pass,Pass
Pass,Fail
Distinction,Distinction
Distinction,Distinction
Pass,Fail
Pass,Distinction
Pass,Fail
Pass,Distinction
Distinction,Fail
Distinction,Distinction
Distinction,Distinction
Pass,Distinction
Pass,Pass
Pass,Fail
Pass,Fail
Pass,Fail
Fail,Fail
Pass,Fail
Distinction,Distinction
Distinction,Distinction
Pass,Pass
Pass,Pass
Pass,Fail
Pass,Fail
Pass,Distinction
Pass,Pass
Pass,Distinction
Distinction,Distinction
Pass,Pass
Distinction,Distinction
Pass,Pass
Pass,Fail
Pass,Distinction
Pass,Fail
Pass,Distinction
Pass,Fail
Distinction,Pass
Pass,Pass
Pass,Fail
Pass,Pass
Distinction,Distinction
Pass,Pass
Pass,Fail
Distinction,Fail
Pass,Fail
Pass,Pass
Pass,Pass
Pass,Distinction
Distinction,Distinction
Distinction,Distinction
Fail,Fail
Distinction,Distinction
Pass,Pass
Pass,Fail
Pass,Fail
Pass,Distinction
Pass,Pass
Pass,Pass
Distinction,Pass
Distinction,Fail
Pass,Pass
Distinction,Pass
Pass,Distinction
Pass,Pass
Pass,Pass
Pass,Distinction
Pass,Distinction
Pass,Distinction
Pass,Pass
Pass,Pass
Distinction,Distinction
Pass,Distinction
Pass,Pass
Distinction,Pass
Distinction,Pass
Pass,Distinction
Pass,Pass
Pass,Pass
Pass,Pass
Pass,Distinction
Pass,Distinction
Pass,Distinction
Pass,Distinction
Distinction,Distinction
Pass,Fail
Pass,Pass
Pass,Pass
Pass,Pass
Pass,Pass
Pass,Pass
Distinction,Distinction
Pass,Pass
Pass,Distinction
Pass,Pass
Pass,Pass
Pass,Distinction
Pass,Distinction
Pass,Fail
Distinction,Distinction
Pass,Pass
Pass,Distinction
Distinction,Pass
Pass,Distinction
Pass,Distinction
Pass,Fail
Pass,Fail
Distinction,Distinction
Pass,Distinction
Pass,Fail
Distinction,Distinction
Pass,Fail
Distinction,Distinction
Pass,Pass
Pass,Distinction
Pass,Distinction
Pass,Fail
Pass,Pass
Pass,Pass
Pass,Pass
Pass,Pass
Pass,Distinction
Pass,Distinction
Pass,Fail
Distinction,Fail
Pass,Pass
Pass,Fail
Pass,Pass
Pass,Pass
Pass,Fail
Pass,Pass
Pass,Fail
Pass,Pass
Pass,Distinction
Pass,Distinction
Pass,Distinction
Pass,Distinction
Pass,Pass
Pass,Distinction
Pass,Fail
Pass,Fail
Pass,Fail
Pass,Pass
Pass,Fail
Pass,Distinction
Pass,Pass
Pass,Fail
Pass,Fail
Pass,Pass
Pass,Pass
Pass,Pass
Pass,Pass
Pass,Fail
Distinction,Distinction
Pass,Fail
Pass,Pass
Distinction,Distinction
Pass,Fail
Pass,Pass
Pass,Distinction
Pass,Fail
Distinction,Distinction
Pass,Distinction
Distinction,Fail
Pass,Pass
Pass,Fail
Pass,Fail
Pass,Distinction
Pass,Distinction
Pass,Pass
Pass,Fail
Pass,Pass
Pass,Distinction
Pass,Fail
Pass,Pass
Pass,Fail
Pass,Pass
Distinction,Distinction
Pass,Pass
Distinction,Distinction
Pass,Pass
Distinction,Distinction
Pass,Pass
Pass,Distinction
Pass,Fail
Pass,Fail
Pass,Fail
Pass,Distinction
Distinction,Distinction
Pass,Distinction
Pass,Fail
Pass,Distinction
Pass,Pass
Distinction,Distinction
Pass,Pass
Distinction,Distinction
Pass,Distinction
Distinction,Distinction
Pass,Pass
Pass,Fail
Pass,Pass
Pass,Distinction
Pass,Distinction
Pass,Distinction
Pass,Distinction
Pass,Fail
Pass,Distinction
Distinction,Distinction
Pass,Distinction
Pass,Distinction
Pass,Distinction
Pass,Distinction
Pass,Pass
Pass,Pass
Pass,Pass
Pass,Fail
Pass,Distinction
Pass,Distinction
Fail,Fail
Pass,Pass
Pass,Fail
Fail,Fail
Pass,Pass
Pass,Fail
Pass,Fail
Distinction,Pass
Pass,Distinction
Pass,Pass
Pass,Distinction
Distinction,Distinction
Pass,Distinction
Pass,Distinction
Pass,Pass
Distinction,Distinction
Pass,Pass
Pass,Pass
Pass,Pass
Pass,Pass
Pass,Fail
Distinction,Distinction
Distinction,Distinction
Distinction,Fail
Pass,Fail
Pass,Distinction
Pass,Fail
Pass,Distinction
Pass,Fail
Pass,Distinction
Pass,Pass
Pass,Fail
Pass,Pass
Pass,Distinction
Pass,Distinction
Pass,Pass
Pass,Fail
Pass,Fail
Pass,Distinction
Pass,Fail
Distinction,Distinction
Pass,Fail
Pass,Fail
Pass,Fail
Fail,Fail
Pass,Fail
Pass,Fail
Pass,Pass
Pass,Pass
Pass,Fail
Distinction,Distinction
Pass,Distinction
Pass,Fail
Pass,Fail
Pass,Fail
Pass,Pass
Fail,Fail
Pass,Pass
Pass,Fail
Pass,Distinction
Pass,Distinction
Pass,Fail
Pass,Pass
Pass,Fail
Pass,Pass
Pass,Fail
Pass,Pass
Pass,Pass
Distinction,Pass
Pass,Fail
Pass,Fail
Pass,Fail
Pass,Fail
Distinction,Distinction
Pass,Distinction
Distinction,Fail
Pass,Fail
Pass,Pass
Distinction,Fail
Pass,Fail
Pass,Distinction
Pass,Fail
Pass,Pass
Pass,Fail
Pass,Distinction
Distinction,Distinction
Pass,Fail
Pass,Distinction
Pass,Pass
Pass,Pass
Pass,Pass
Pass,Distinction
Pass,Fail
Pass,Distinction
Pass,Fail
Pass,Fail
Pass,Distinction
Pass,Distinction
Pass,Fail
Pass,Fail
Pass,Fail
Pass,Distinction
Distinction,Distinction
Pass,Fail
Distinction,Distinction
Pass,Pass
Pass,Fail
Distinction,Distinction
Pass,Pass
Pass,Fail
Pass,Distinction
Pass,Fail
Pass,Distinction
Pass,Pass
Pass,Fail
Pass,Pass
Pass,Distinction
Pass,Fail
Pass,Fail
Pass,Pass
Pass,Fail
Pass,Fail
Distinction,Distinction
Pass,Distinction
Distinction,Distinction
Distinction,Distinction
Pass,Distinction
Pass,Distinction
Pass,Fail
Fail,Fail
Pass,Fail
Pass,Pass
Pass,Distinction
Distinction,Fail
Distinction,Distinction
Pass,Fail
Pass,Pass
Pass,Fail
Pass,Distinction
Distinction,Distinction
Pass,Fail
Distinction,Distinction
Pass,Distinction
Pass,Pass
Pass,Pass
Pass,Distinction
Pass,Fail
Distinction,Distinction
Pass,Fail
Distinction,Distinction
Pass,Pass
Pass,Fail
Pass,Pass
Pass,Pass
Pass,Distinction
Pass,Distinction
Pass,Distinction
Pass,Fail
Distinction,Distinction
Pass,Pass
Distinction,Distinction
Pass,Fail
Distinction,Distinction
Pass,Distinction
Pass,Distinction
Pass,Pass
Pass,Fail
Pass,Distinction
Pass,Distinction
Pass,Pass
Distinction,Distinction
Pass,Fail
Pass,Fail
Pass,Fail
Pass,Distinction
Pass,Pass
Distinction,Pass
Pass,Fail
Pass,Pass
Pass,Distinction
Pass,Distinction
Pass,Distinction
Pass,Pass
Pass,Fail
Pass,Pass
Pass,Pass
Pass,Distinction
Pass,Fail
Pass,Distinction
Pass,Distinction
Pass,Fail
Distinction,Distinction
Pass,Fail
Distinction,Distinction
Pass,Pass
Pass,Pass
Pass,Fail
Pass,Distinction
Pass,Distinction
Distinction,Distinction
Pass,Distinction
Pass,Pass
Pass,Pass
Pass,Pass
Pass,Distinction
Distinction,Distinction
Pass,Distinction
Distinction,Distinction
Pass,Pass
Pass,Distinction
Pass,Fail
Pass,Pass
Pass,Fail
Pass,Pass
Pass,Distinction
Pass,Distinction
Distinction,Distinction
Distinction,Distinction
Pass,Fail
Pass,Fail
Distinction,Pass
Pass,Pass
Pass,Fail
Pass,Distinction
Pass,Pass
Pass,Fail
Pass,Fail
Pass,Distinction
Pass,Pass
Distinction,Distinction
Pass,Fail
Pass,Fail
Pass,Pass
Pass,Distinction
Pass,Distinction
Distinction,Distinction
Pass,Pass
Pass,Fail
Pass,Distinction
Pass,Pass
Pass,Distinction
Pass,Pass
Pass,Distinction
Pass,Pass
Distinction,Distinction
Distinction,Distinction
Distinction,Pass
Pass,Pass
Pass,Fail
Pass,Distinction
Pass,Distinction
Pass,Pass
Distinction,Distinction
Pass,Pass
Pass,Distinction
Distinction,Distinction
Distinction,Distinction
Pass,Distinction
Pass,Fail
Pass,Distinction
Distinction,Pass
Pass,Distinction
Pass,Pass
Distinction,Distinction
Distinction,Distinction
Pass,Distinction
Pass,Distinction
Distinction,Distinction
Pass,Fail
Pass,Fail
Pass,Distinction
Pass,Pass
Pass,Pass
Pass,Fail
Pass,Fail
Pass,Distinction
Pass,Fail
Pass,Pass
Pass,Pass
Pass,Distinction
Pass,Pass
Fail,Distinction
Pass,Fail
Pass,Pass
Pass,Distinction
Pass,Pass
Pass,Pass
Pass,Pass
Distinction,Distinction
Pass,Pass
Pass,Pass
Pass,Distinction
Distinction,Distinction
Distinction,Distinction
Pass,Distinction
Pass,Pass
Pass,Distinction
Pass,Distinction
Pass,Fail
Distinction,Distinction
Distinction,Distinction
Pass,Fail
Pass,Pass
Pass,Pass
Pass,Pass
Pass,Pass
Pass,Fail
Pass,Fail
Pass,Pass
Distinction,Pass
Pass,Distinction
Pass,Distinction
Distinction,Distinction
Pass,Distinction
Pass,Distinction
Distinction,Distinction
Pass,Pass
Distinction,Distinction
Pass,Fail
Pass,Distinction
Pass,Pass
Pass,Pass
Pass,Distinction
Distinction,Distinction
Distinction,Pass
Pass,Distinction
Distinction,Distinction
Pass,Distinction
Pass,Pass
Pass,Distinction
Pass,Pass
Pass,Distinction
Pass,Fail
Pass,Pass
Pass,Pass
Pass,Distinction
Pass,Distinction
Pass,Distinction
Fail,Pass
Pass,Fail
Pass,Distinction
Pass,Distinction
Distinction,Distinction
Distinction,Distinction
Pass,Pass
Pass,Fail
Pass,Distinction
Pass,Distinction
Pass,Distinction
Pass,Distinction
Pass,Distinction
Pass,Pass
Pass,Distinction
Pass,Pass
Pass,Distinction
Pass,Pass
Pass,Distinction
Distinction,Distinction
Distinction,Distinction
Pass,Distinction
Pass,Distinction
Pass,Pass
Pass,Fail
Pass,Pass
Distinction,Distinction
Distinction,Distinction
Pass,Distinction
Pass,Pass
Pass,Distinction
Pass,Pass
Distinction,Fail
Pass,Distinction
Pass,Distinction
Distinction,Distinction
Pass,Pass
Pass,Pass
Distinction,Distinction
Pass,Distinction
Pass,Distinction
Pass,Distinction
Pass,Pass
Pass,Distinction
Pass,Distinction
Distinction,Distinction
Distinction,Distinction
Pass,Distinction
Pass,Distinction
Pass,Fail
Distinction,Distinction
Distinction,Distinction
Pass,Fail
Pass,Distinction
Pass,Distinction
Pass,Fail
Distinction,Distinction
Pass,Fail
Pass,Fail
Pass,Distinction
Pass,Pass
Pass,Distinction
Pass,Pass
Pass,Distinction
Pass,Distinction
Pass,Pass
Pass,Distinction
Distinction,Distinction
Pass,Pass
Pass,Distinction
Pass,Distinction
Pass,Pass
Pass,Fail
Distinction,Distinction
Pass,Distinction
Distinction,Distinction
Distinction,Distinction
Pass,Distinction
Distinction,Distinction
Distinction,Distinction
Distinction,Distinction
Distinction,Distinction
Distinction,Distinction
Distinction,Distinction
Pass,Distinction
Distinction,Fail
Pass,Distinction
Distinction,Distinction
Pass,Pass
Distinction,Distinction
Distinction,Distinction
Pass,Distinction
Pass,Pass
Distinction,Distinction
Distinction,Distinction
Pass,Fail
Pass,Distinction
Pass,Distinction
Pass,Pass
Pass,Distinction
Distinction,Distinction
Pass,Pass
Fail,Fail
Pass,Pass
Pass,Distinction
Distinction,Distinction
Pass,Pass
Distinction,Fail
Pass,Fail
Pass,Pass
Pass,Distinction
Pass,Distinction
Pass,Pass
Distinction,Distinction
Pass,Pass
Pass,Distinction
Pass,Distinction
Pass,Fail
Pass,Fail
Pass,Fail
Pass,Fail
Pass,Distinction
Pass,Fail
Pass,Pass
Pass,Fail
Distinction,Distinction
Pass,Pass
Pass,Distinction
Pass,Fail
Pass,Fail
Pass,Distinction
Distinction,Fail
Pass,Distinction
Pass,Fail
Distinction,Distinction
Pass,Distinction
Pass,Pass
Pass,Pass
Pass,Distinction
Pass,Fail
Distinction,Fail
Pass,Distinction
Pass,Distinction
Pass,Pass
Pass,Pass
Pass,Distinction
Pass,Distinction
Fail,Fail
Pass,Distinction
Pass,Pass
Pass,Distinction
Pass,Distinction
Distinction,Distinction
Distinction,Pass
Pass,Distinction
Pass,Distinction
Pass,Fail
Pass,Distinction
Pass,Distinction
Distinction,Pass
Pass,Distinction
Pass,Distinction
Pass,Distinction
Pass,Fail
Pass,Fail
Pass,Distinction
Pass,Pass
Pass,Fail
Pass,Fail
Pass,Pass
Pass,Pass
Pass,Pass
Distinction,Distinction
Pass,Distinction
Pass,Distinction
Distinction,Pass
Pass,Pass
Pass,Fail
Pass,Distinction
Pass,Pass
Distinction,Distinction
Pass,Fail
Pass,Fail
Pass,Fail
Pass,Distinction
Pass,Fail
Pass,Fail
Pass,Pass
Pass,Fail
Pass,Pass
Distinction,Distinction
Pass,Pass
Pass,Fail
Pass,Pass
Pass,Pass
Pass,Pass
Pass,Fail
Pass,Distinction
Pass,Distinction
Pass,Pass
Pass,Fail
Distinction,Distinction
Pass,Distinction
Pass,Pass
Pass,Distinction
Pass,Fail
Pass,Distinction
Pass,Fail
Pass,Distinction
Distinction,Fail
Pass,Fail
Pass,Distinction
Pass,Pass
Pass,Pass
Distinction,Distinction
Pass,Distinction
Pass,Pass
Pass,Pass
Pass,Pass
Pass,Fail
Pass,Fail
Pass,Fail
Pass,Pass
Distinction,Distinction
Pass,Fail
Pass,Distinction
Pass,Pass
Distinction,Distinction
Pass,Fail
Pass,Pass
Distinction,Distinction
Pass,Distinction
Fail,Fail
Distinction,Distinction
Pass,Fail
Distinction,Pass
Pass,Distinction
Pass,Fail
Pass,Distinction
Pass,Pass
Pass,Pass
Distinction,Distinction
Pass,Distinction
Pass,Pass
Pass,Distinction
Pass,Distinction
Pass,Distinction
Pass,Distinction
Distinction,Distinction
Pass,Fail
Pass,Fail
Pass,Pass
Distinction,Distinction
Pass,Fail
Distinction,Pass
Fail,Fail
Pass,Fail
Pass,Pass
Pass,Pass
Pass,Pass
Pass,Fail
Pass,Pass
Pass,Fail
Pass,Pass
Pass,Fail
Pass,Fail
Pass,Fail
Pass,Fail
Pass,Fail
Pass,Pass
Pass,Distinction
Fail,Fail
Distinction,Fail
Pass,Fail
Pass,Pass
Pass,Fail
Pass,Fail
Pass,Pass
Pass,Fail
Fail,Fail
Fail,Fail
Pass,Pass
Pass,Pass
Pass,Pass
Pass,Pass
Pass,Pass
Pass,Fail
Pass,Fail
Pass,Fail
Pass,Distinction
Pass,Pass
Pass,Pass
Pass,Distinction
Pass,Distinction
Pass,Distinction
Pass,Distinction
Pass,Pass
Pass,Pass
Pass,Fail
Pass,Distinction
Pass,Pass
Pass,Pass
Pass,Fail
Distinction,Fail
Pass,Pass
Pass,Fail
Pass,Fail
Pass,Fail
Pass,Pass
Pass,Pass
Pass,Pass
Pass,Fail
Pass,Fail
Pass,Pass
Pass,Pass
Pass,Pass
Pass,Pass
Pass,Pass
Pass,Pass
Pass,Pass
Pass,Pass
Pass,Pass
Pass,Pass
Pass,Pass
Pass,Pass
Fail,Fail
Pass,Pass
Pass,Distinction
Distinction,Distinction
Pass,Pass
Pass,Pass
Distinction,Fail
Pass,Distinction
Pass,Distinction
Pass,Pass
Pass,Fail
Pass,Distinction
Pass,Pass
Distinction,Fail
Pass,Distinction
Pass,Pass
Pass,Pass
Pass,Pass
Pass,Pass
Pass,Pass
Pass,Pass
Pass,Distinction
Pass,Pass
Pass,Fail
Pass,Pass
Pass,Pass
Pass,Pass
Pass,Fail
Fail,Fail
Pass,Pass
Pass,Pass
Pass,Pass
Pass,Distinction
Pass,Pass
Pass,Pass
Pass,Distinction
Pass,Pass
Pass,Fail
Fail,Fail
Pass,Pass
Pass,Pass
Pass,Fail
Pass,Pass
Pass,Pass
Pass,Distinction
Fail,Fail
Pass,Fail
Pass,Fail
Pass,Pass
Pass,Fail
Distinction,Pass
Pass,Distinction
Pass,Fail
Pass,Fail
Pass,Fail
Pass,Pass
Pass,Pass
Pass,Fail
Pass,Pass
Pass,Fail
Pass,Pass
Pass,Pass
Pass,Pass
Pass,Fail
Pass,Pass
Pass,Fail
Pass,Fail
Pass,Pass
Pass,Fail
Pass,Pass
Pass,Pass
Pass,Pass
Pass,Pass
Fail,Pass
Pass,Pass
Pass,Pass
Pass,Pass
Pass,Pass
Pass,Fail
Pass,Pass
Pass,Pass
Pass,Fail
Pass,Pass
Pass,Pass
Pass,Fail
Pass,Pass
Pass,Fail
Pass,Pass
Pass,Pass
Pass,Pass
Pass,Fail
Pass,Fail
Pass,Pass
Pass,Pass
Pass,Pass
Pass,Fail
Pass,Pass
Pass,Distinction
Pass,Pass
Pass,Pass
Distinction,Distinction
Pass,Pass
Pass,Pass
Pass,Pass
Pass,Pass
Pass,Pass
Distinction,Distinction
Pass,Distinction
Pass,Pass
Pass,Fail
Pass,Pass
Pass,Pass
Pass,Pass
Pass,Fail
Pass,Fail
Distinction,Distinction
Pass,Pass
Pass,Pass
Pass,Distinction
Pass,Fail
Pass,Fail
Pass,Fail
Distinction,Fail
Pass,Fail
Pass,Distinction
Pass,Pass
Pass,Pass
Pass,Pass
Pass,Pass
Pass,Fail
Pass,Pass
Pass,Pass
Pass,Pass
Pass,Fail
Pass,Distinction
Pass,Pass
Distinction,Distinction
Pass,Pass
Distinction,Pass
Pass,Pass
Pass,Fail
Pass,Pass
Pass,Pass
Pass,Pass
Fail,Fail
Pass,Fail
Pass,Pass
Pass,Distinction
Pass,Pass
Pass,Fail
Pass,Pass
Pass,Pass
Pass,Pass
Pass,Pass
Pass,Fail
Pass,Distinction
Pass,Pass
Pass,Pass
Pass,Pass
Fail,Fail
Pass,Fail
Distinction,Distinction
Pass,Fail
Pass,Pass
Pass,Pass
Pass,Fail
Pass,Pass
Distinction,Distinction
Pass,Pass
Pass,Fail
Pass,Pass
Pass,Fail
Pass,Fail
Pass,Fail
Fail,Fail
Pass,Fail
Fail,Fail
Fail,Fail
Fail,Fail
Pass,Fail
Pass,Fail
Pass,Fail
Pass,Fail
Fail,Fail
Pass,Fail
Pass,Fail
Pass,Fail
Pass,Pass
Pass,Fail
Pass,Pass
Pass,Fail
Fail,Fail
Pass,Pass
Pass,Distinction
Pass,Distinction
Pass,Pass
Pass,Pass
Pass,Pass
Pass,Fail
Pass,Pass
Pass,Fail
Pass,Fail
Pass,Pass
Fail,Fail
Pass,Pass
Pass,Pass
Pass,Pass
Pass,Pass
Pass,Pass
Pass,Distinction
Pass,Pass
Pass,Pass
Pass,Fail
Pass,Pass
Distinction,Pass
Pass,Pass
Pass,Pass
Pass,Pass
Pass,Fail
Pass,Fail
Distinction,Pass
Distinction,Distinction
Pass,Distinction
Pass,Pass
Distinction,Distinction
Distinction,Fail
Pass,Pass
Pass,Pass
Pass,Fail
Pass,Pass
Pass,Distinction
Pass,Fail
Pass,Pass
Pass,Distinction
Pass,Pass
Pass,Pass
Pass,Fail
Pass,Pass
Pass,Pass
Pass,Fail
Pass,Pass
Pass,Pass
Pass,Fail
Pass,Pass
Pass,Pass
Pass,Pass
Pass,Pass
Pass,Fail
Pass,Pass
Pass,Distinction
Distinction,Distinction
Pass,Pass
Pass,Fail
Pass,Pass
Pass,Distinction
Pass,Pass
Pass,Fail
Pass,Pass
Pass,Pass
Pass,Pass
Pass,Fail
Pass,Fail
Pass,Pass
Pass,Pass
Pass,Pass
Pass,Pass
Pass,Pass
Pass,Fail
Pass,Pass
Pass,Distinction
Pass,Pass
Pass,Pass
Pass,Fail
Pass,Pass
Pass,Pass
Pass,Distinction
Pass,Distinction
Pass,Pass
Pass,Pass
Pass,Pass
Pass,Pass
Pass,Fail
Pass,Pass
Pass,Pass
Pass,Pass
Pass,Pass
Pass,Distinction
Pass,Pass
Pass,Fail
Pass,Pass
Pass,Pass
Pass,Pass
Pass,Pass
Pass,Pass
Pass,Pass
Pass,Pass
Pass,Pass
Pass,Fail
Pass,Pass
Fail,Fail
Pass,Pass
Pass,Pass
Distinction,Distinction
Pass,Distinction
Pass,Fail
Pass,Fail
Pass,Pass
Pass,Fail
Pass,Pass
Pass,Pass
Pass,Fail
Pass,Pass
Pass,Pass
Pass,Fail
Pass,Pass
Pass,Distinction
Pass,Pass
Pass,Distinction
Pass,Pass
Pass,Pass
Pass,Pass
Distinction,Pass
Pass,Distinction
Pass,Pass
Pass,Distinction
Pass,Pass
Pass,Fail
Pass,Pass
Pass,Pass
Pass,Pass
Distinction,Pass
Distinction,Distinction
Pass,Pass
Pass,Pass
Pass,Pass
Pass,Distinction
Pass,Pass
Pass,Pass
Pass,Pass
Pass,Pass
Fail,Fail
Pass,Pass
Distinction,Distinction
Pass,Distinction
Pass,Pass
Pass,Pass
Pass,Pass
Pass,Fail
Pass,Fail
Pass,Distinction
Pass,Fail
Pass,Pass
Pass,Pass
Pass,Pass
Fail,Fail
Pass,Pass
Distinction,Distinction
Pass,Fail
Pass,Fail
Pass,Pass
Pass,Pass
Pass,Pass
Pass,Pass
Pass,Pass
Pass,Fail
Pass,Pass
Pass,Pass
Pass,Pass
Pass,Pass
Pass,Pass
Fail,Fail
Pass,Pass
Pass,Distinction
Pass,Pass
Pass,Pass
Pass,Pass
Pass,Pass
Pass,Pass
Pass,Pass
Distinction,Fail
Pass,Pass
Pass,Pass
Pass,Pass
Pass,Pass
Pass,Fail
Pass,Pass
Pass,Pass
Pass,Pass
Pass,Distinction
Pass,Pass
Fail,Fail
Pass,Pass
Pass,Fail
Pass,Pass
Pass,Pass
Pass,Fail
Pass,Pass
Distinction,Distinction
Pass,Pass
Pass,Pass
Fail,Fail
Pass,Pass
Pass,Fail
Pass,Pass
Pass,Pass
Pass,Fail
Pass,Pass
Pass,Pass
Pass,Fail
Pass,Pass
Pass,Fail
Pass,Pass
Pass,Pass
Pass,Fail
Pass,Fail
Pass,Fail
Pass,Distinction
Pass,Distinction
Pass,Pass
Pass,Distinction
Pass,Fail
Pass,Fail
Pass,Pass
Pass,Pass
Pass,Pass
Pass,Distinction
Pass,Pass
Pass,Fail
Pass,Pass
Pass,Pass
Pass,Pass
Distinction,Distinction
Distinction,Pass
Pass,Fail
Distinction,Distinction
Pass,Pass
Pass,Pass
Pass,Fail
Pass,Fail
Pass,Distinction
Distinction,Pass
Pass,Distinction
Pass,Distinction
Distinction,Pass
Distinction,Pass
Distinction,Pass
Pass,Pass
Pass,Pass
Pass,Distinction
Pass,Pass
Pass,Pass
Pass,Pass
Pass,Fail
Pass,Pass
Pass,Fail
Pass,Pass
Fail,Fail
Pass,Pass
Distinction,Distinction
Pass,Distinction
Pass,Pass
Pass,Pass
Distinction,Fail
Pass,Fail
Pass,Pass
Pass,Fail
Pass,Pass
Pass,Distinction
Pass,Fail
Pass,Pass
Pass,Pass
Pass,Pass
Pass,Pass
Pass,Pass
Pass,Fail
Pass,Pass
Pass,Pass
Pass,Pass
Pass,Distinction
Pass,Fail
Pass,Pass
Pass,Pass
Pass,Fail
Pass,Pass
Pass,Distinction
Pass,Pass
Pass,Pass
Pass,Distinction
Pass,Pass
Pass,Pass
Pass,Pass
Pass,Pass
Fail,Fail
Pass,Fail
Pass,Fail
Pass,Pass
Pass,Pass
Pass,Pass
Pass,Pass
Pass,Pass
Pass,Pass
Pass,Pass
Pass,Pass
Pass,Pass
Pass,Pass
Pass,Pass
Pass,Distinction
Pass,Pass
Pass,Pass
Pass,Pass
Pass,Fail
Pass,Pass
Pass,Distinction
Pass,Fail
Pass,Fail
Pass,Fail
Pass,Distinction
Pass,Fail
Distinction,Distinction
Distinction,Distinction
Pass,Pass
Pass,Fail
Pass,Pass
Pass,Distinction
Distinction,Distinction
Pass,Pass
Pass,Pass
Fail,Fail
Pass,Pass
Pass,Distinction
Distinction,Fail
Distinction,Pass
Fail,Fail
Pass,Pass
Pass,Pass
Fail,Fail
Pass,Pass
Pass,Fail
Pass,Pass
Pass,Pass
Pass,Distinction
Pass,Pass
Pass,Distinction
Pass,Pass
Fail,Fail
Pass,Pass
Pass,Fail
Pass,Fail
Pass,Pass
Pass,Distinction
Pass,Pass
Pass,Pass
Pass,Pass
Pass,Pass
Fail,Fail
Pass,Distinction
Pass,Fail
Pass,Pass
Pass,Pass
Pass,Fail
Pass,Pass
Pass,Fail
Pass,Pass
Pass,Pass
Pass,Pass
Pass,Pass
Pass,Distinction
Distinction,Pass
Distinction,Distinction
Pass,Pass
Pass,Pass
Pass,Pass
Pass,Pass
Pass,Pass
Pass,Pass
Pass,Distinction
Pass,Pass
Pass,Fail
Pass,Fail
Pass,Fail
Pass,Pass
Pass,Pass
Pass,Distinction
Pass,Pass
Distinction,Pass
Pass,Pass
Pass,Distinction
Distinction,Fail
Distinction,Pass
Pass,Pass
Pass,Pass
Pass,Distinction
Pass,Pass
Pass,Fail
Pass,Pass
Pass,Pass
Pass,Pass
Pass,Fail
Pass,Pass
Pass,Pass
Pass,Pass
Pass,Pass
Pass,Pass
Pass,Fail
Pass,Pass
Pass,Fail
Pass,Fail
Pass,Pass
Pass,Fail
Pass,Pass
Pass,Distinction
Pass,Distinction
Pass,Fail
Pass,Fail
Pass,Fail
Pass,Distinction
Pass,Distinction
Pass,Pass
Fail,Fail
Distinction,Pass
Pass,Fail
Pass,Fail
Pass,Pass
Distinction,Pass
Pass,Pass
Pass,Pass
Pass,Pass
Pass,Fail
Distinction,Distinction
Pass,Distinction
Pass,Fail
Pass,Pass
Distinction,Distinction
Pass,Fail
Pass,Fail
Pass,Fail
Pass,Distinction
Pass,Pass
Pass,Distinction
Pass,Fail
Pass,Fail
Pass,Distinction
Pass,Pass
Pass,Distinction
Pass,Fail
Pass,Distinction
Pass,Fail
Pass,Pass
Pass,Pass
Pass,Pass
Pass,Pass
Distinction,Distinction
Distinction,Distinction
Pass,Fail
Pass,Pass
Pass,Distinction
Pass,Pass
Pass,Pass
Pass,Pass
Pass,Pass
Pass,Pass
Distinction,Distinction
Pass,Distinction
Pass,Distinction
Distinction,Distinction
Pass,Distinction
Pass,Pass
Pass,Fail
Distinction,Pass
Pass,Fail
Pass,Pass
Pass,Fail
Pass,Pass
Pass,Distinction
Pass,Fail
Pass,Fail
Pass,Distinction
Pass,Fail
Pass,Pass
Pass,Fail
Pass,Pass
Pass,Pass
Pass,Pass
Pass,Distinction
Pass,Pass
Distinction,Distinction
Distinction,Distinction
Pass,Pass
Pass,Fail
Pass,Fail
Pass,Pass
Pass,Distinction
Distinction,Distinction
Pass,Fail
Pass,Fail
Pass,Pass
Fail,Fail
Distinction,Distinction
Pass,Pass
Pass,Pass
Pass,Distinction
Distinction,Distinction
Pass,Pass
Distinction,Distinction
Pass,Distinction
Pass,Pass
Pass,Pass
Pass,Pass
Pass,Fail
Pass,Pass
Fail,Fail
Pass,Pass
Pass,Pass
Distinction,Distinction
Pass,Pass
Pass,Pass
Pass,Fail
Pass,Pass
Pass,Fail
Pass,Pass
Pass,Pass
Pass,Pass
Pass,Distinction
Pass,Pass
Distinction,Pass
Pass,Pass
Pass,Fail
Pass,Pass
Distinction,Distinction
Pass,Distinction
Pass,Fail
Pass,Fail
Pass,Fail
Pass,Pass
Pass,Fail
Pass,Fail
Pass,Fail
Pass,Pass
Pass,Pass
Pass,Distinction
Pass,Distinction
Pass,Fail
Pass,Fail
Pass,Fail
Distinction,Distinction
Distinction,Distinction
Distinction,Distinction
Pass,Pass
Pass,Pass
Pass,Pass
Pass,Fail
Pass,Pass
Pass,Distinction
Pass,Pass
Pass,Pass
Pass,Pass
Pass,Pass
Pass,Distinction
Pass,Pass
Distinction,Distinction
Pass,Pass
Pass,Pass
Pass,Pass
Pass,Pass
Pass,Pass
Pass,Pass
Pass,Pass
Pass,Pass
Distinction,Distinction
Pass,Pass
Distinction,Distinction
Pass,Distinction
Pass,Distinction
Pass,Pass
Pass,Pass
Pass,Fail
Pass,Pass
Pass,Fail
Pass,Pass
Pass,Fail
Pass,Distinction
Pass,Fail
Pass,Pass
Pass,Pass
Pass,Pass
Pass,Pass
Pass,Distinction
Pass,Pass
Pass,Pass
Pass,Pass
Pass,Pass
Pass,Pass
Pass,Pass
Pass,Pass
Pass,Distinction
Pass,Pass
Distinction,Distinction
Pass,Fail
Pass,Pass
Pass,Fail
Pass,Pass
Pass,Pass
Pass,Fail
Pass,Pass
Pass,Pass
Pass,Pass
Pass,Fail
Pass,Distinction
Distinction,Distinction
Pass,Pass
Pass,Pass
Pass,Fail
Pass,Pass
Pass,Fail
Pass,Pass
Pass,Distinction
Pass,Pass
Pass,Fail
Pass,Pass
Distinction,Distinction
Pass,Distinction
Pass,Distinction
Pass,Pass
Pass,Fail
Pass,Distinction
Pass,Pass
Distinction,Distinction
Pass,Pass
Distinction,Distinction
Distinction,Distinction
Distinction,Distinction
Pass,Distinction
Pass,Pass
Pass,Pass
Pass,Pass
Pass,Fail
Pass,Pass
Fail,Fail
Distinction,Distinction
Pass,Pass
Pass,Pass
Pass,Pass
Pass,Distinction
Fail,Fail
Pass,Pass
Pass,Fail
Pass,Fail
Pass,Fail
Pass,Pass
Pass,Pass
Pass,Pass
Pass,Fail
Pass,Pass
Pass,Pass
Pass,Fail
Pass,Pass
Pass,Fail
Pass,Pass
Pass,Distinction
Pass,Pass
Pass,Pass
Pass,Pass
Pass,Pass
Distinction,Distinction
Pass,Pass
Pass,Pass
Distinction,Distinction
Fail,Fail
Pass,Pass
Pass,Pass
Pass,Pass
Distinction,Pass
Pass,Distinction
Pass,Pass
Pass,Pass
Distinction,Distinction
Pass,Pass
Pass,Pass
Pass,Fail
Pass,Pass
Distinction,Pass
Pass,Pass
Pass,Pass
Distinction,Pass
Pass,Pass
Pass,Pass
Pass,Pass
Pass,Pass
Pass,Pass
Pass,Pass
Pass,Pass
Pass,Pass
Distinction,Distinction
Pass,Pass
Pass,Pass
Fail,Pass
Pass,Pass
Pass,Pass
Pass,Pass
Pass,Pass
Pass,Pass
Distinction,Fail
Fail,Fail
Pass,Pass
Pass,Distinction
Pass,Pass
Pass,Pass
Pass,Pass
Pass,Pass
Pass,Distinction
Pass,Pass
Pass,Distinction
Pass,Pass
Pass,Pass
Pass,Fail
Pass,Pass
Pass,Pass
Pass,Fail
Distinction,Distinction
Pass,Fail
Distinction,Distinction
Pass,Pass
Pass,Pass
Pass,Fail
Pass,Pass
Pass,Pass
Pass,Pass
Pass,Pass
Pass,Pass
Pass,Pass
Pass,Pass
Pass,Pass
Pass,Pass
Pass,Pass
Pass,Pass
Pass,Pass
Pass,Pass
Pass,Pass
Distinction,Pass
Pass,Pass
Pass,Pass
Distinction,Pass
Pass,Pass
Pass,Distinction
Pass,Pass
Pass,Pass
Pass,Pass
Pass,Fail
Pass,Pass
Pass,Fail
Distinction,Distinction
Pass,Pass
Pass,Pass
Pass,Pass
Pass,Pass
Pass,Fail
Pass,Pass
Pass,Pass
Pass,Pass
Distinction,Pass
Pass,Pass
Pass,Pass
Pass,Pass
Pass,Fail
Distinction,Pass
Pass,Pass
Distinction,Pass
Pass,Pass
Distinction,Fail
Pass,Pass
Pass,Pass
Pass,Fail
Pass,Distinction
Pass,Pass
Pass,Fail
Pass,Pass
Pass,Distinction
Pass,Pass
Pass,Pass
Pass,Pass
Pass,Pass
Pass,Pass
Pass,Pass
Pass,Pass
Pass,Pass
Pass,Pass
Pass,Pass
Pass,Pass
Pass,Pass
Pass,Pass
Distinction,Distinction
Pass,Fail
Pass,Distinction
Pass,Distinction
Pass,Distinction
Pass,Fail
Pass,Pass
Pass,Pass
Pass,Fail
Pass,Fail
Pass,Distinction
Pass,Distinction
Pass,Distinction
Pass,Distinction
Pass,Pass
Distinction,Distinction
Pass,Pass
Pass,Pass
Pass,Distinction
Pass,Pass
Pass,Fail
Pass,Pass
Fail,Fail
Pass,Pass
Pass,Pass
Pass,Pass
Pass,Pass
Pass,Fail
Pass,Pass
Pass,Pass
Pass,Pass
Pass,Fail
Pass,Pass
Pass,Pass
Pass,Fail
Pass,Pass
Pass,Fail
Pass,Pass
Pass,Fail
Pass,Distinction
Distinction,Distinction
Pass,Pass
Distinction,Distinction
Pass,Pass
Pass,Distinction
Distinction,Pass
Pass,Pass
Pass,Pass
Pass,Fail
Pass,Fail
Distinction,Distinction
Pass,Pass
Pass,Pass
Pass,Pass
Pass,Distinction
Pass,Pass
Pass,Fail
Distinction,Distinction
Pass,Pass
Pass,Pass
Pass,Fail
Pass,Distinction
Pass,Pass
Pass,Distinction
Pass,Pass
Pass,Fail
Pass,Distinction
Pass,Distinction
Pass,Distinction
Fail,Distinction
Pass,Fail
Pass,Distinction
Pass,Pass
Pass,Fail
Pass,Pass
Pass,Fail
Pass,Distinction
Pass,Fail
Pass,Distinction
Pass,Distinction
Pass,Distinction
Pass,Distinction
Pass,Fail
Pass,Distinction
Pass,Fail
Pass,Distinction
Pass,Distinction
Pass,Pass
Pass,Pass
Distinction,Distinction
Pass,Pass
Distinction,Distinction
Fail,Pass
Pass,Distinction
Distinction,Distinction
Pass,Pass
Pass,Fail
Distinction,Fail
Pass,Pass
Pass,Pass
Pass,Distinction
Pass,Fail
Pass,Fail
Pass,Distinction
Pass,Pass
Pass,Fail
Distinction,Distinction
Pass,Distinction
Pass,Fail
Pass,Distinction
Pass,Distinction
Pass,Distinction
Pass,Distinction
Pass,Pass
Pass,Distinction
Pass,Distinction
Pass,Pass
Pass,Fail
Pass,Pass
Pass,Distinction
Distinction,Distinction
Distinction,Distinction
Pass,Distinction
Pass,Distinction
Pass,Distinction
Distinction,Pass
Pass,Pass
Pass,Distinction
Pass,Fail
Pass,Pass
Distinction,Distinction
Pass,Distinction
Pass,Distinction
Distinction,Distinction
Pass,Pass
Pass,Fail
Distinction,Distinction
Pass,Distinction
Pass,Pass
Distinction,Distinction
Pass,Pass
Pass,Distinction
Distinction,Distinction
Pass,Pass
Pass,Pass
Distinction,Distinction
Pass,Pass
Pass,Pass
Pass,Distinction
Pass,Pass
Pass,Distinction
Pass,Pass
Pass,Fail
Pass,Distinction
Pass,Distinction
Pass,Distinction
Distinction,Distinction
Pass,Pass
Pass,Pass
Pass,Pass
Pass,Pass
Pass,Distinction
Pass,Distinction
Distinction,Distinction
Pass,Pass
Pass,Pass
Pass,Fail
Pass,Pass
Pass,Pass
Pass,Pass
Pass,Pass
Pass,Distinction
Pass,Pass
Pass,Distinction
Pass,Pass
Pass,Distinction
Pass,Pass
Pass,Distinction
Pass,Pass
Pass,Fail
Distinction,Fail
Pass,Fail
Distinction,Pass
Pass,Pass
Pass,Pass
Pass,Pass
Pass,Fail
Pass,Distinction
Distinction,Distinction
Pass,Pass
Pass,Distinction
Pass,Fail
Pass,Pass
Pass,Distinction
Pass,Distinction
Pass,Pass
Pass,Distinction
Fail,Fail
Pass,Pass
Pass,Distinction
Distinction,Distinction
Distinction,Distinction
Pass,Distinction
Pass,Distinction
Distinction,Distinction
Distinction,Pass
Pass,Fail
Pass,Distinction
Pass,Fail
Pass,Fail
Pass,Distinction
Pass,Pass
Distinction,Distinction
Pass,Distinction
Distinction,Distinction
Pass,Pass
Pass,Distinction
Pass,Pass
Pass,Distinction
Pass,Distinction
Pass,Fail
Pass,Distinction
Pass,Pass
Distinction,Distinction
Pass,Distinction
Pass,Distinction
Pass,Pass
Pass,Distinction
Distinction,Distinction
Distinction,Distinction
Pass,Distinction
Pass,Pass
Pass,Distinction
Pass,Distinction
Pass,Distinction
Pass,Pass
Pass,Distinction
Distinction,Pass
Pass,Distinction
Distinction,Distinction
Pass,Pass
Pass,Distinction
Distinction,Distinction
Pass,Pass
Pass,Distinction
Pass,Distinction
Pass,Distinction
Pass,Pass
Pass,Distinction
Pass,Distinction
Pass,Pass
Pass,Distinction
Pass,Distinction
Pass,Pass
Pass,Distinction
Pass,Distinction
Pass,Fail
Pass,Distinction
Pass,Distinction
Pass,Pass
Pass,Distinction
Pass,Distinction
Pass,Distinction
Pass,Distinction
Pass,Distinction
Distinction,Distinction
Pass,Distinction
Pass,Distinction
Pass,Distinction
Pass,Distinction
Pass,Pass
Pass,Fail
Pass,Distinction
Distinction,Distinction
Pass,Distinction
Distinction,Distinction
Distinction,Distinction
Pass,Distinction
Pass,Pass
Pass,Distinction
Pass,Pass
Pass,Distinction
Pass,Pass
Pass,Pass
Pass,Pass
Pass,Distinction
Pass,Pass
Pass,Fail
Pass,Distinction
Pass,Pass
Pass,Pass
Pass,Distinction
Pass,Pass
Pass,Pass
Pass,Fail
Pass,Pass
Distinction,Distinction
Pass,Distinction
Distinction,Distinction
Distinction,Pass
Distinction,Distinction
Pass,Pass
Pass,Pass
Pass,Distinction
Pass,Pass
Pass,Pass
Pass,Fail
Pass,Pass
Pass,Distinction
Distinction,Distinction
Pass,Distinction
Pass,Pass
Pass,Distinction
Distinction,Distinction
Pass,Distinction
Pass,Pass
Pass,Distinction
Pass,Pass
Pass,Distinction
Pass,Pass
Pass,Distinction
Distinction,Distinction
Pass,Pass
Pass,Distinction
Pass,Fail
Pass,Pass
Pass,Distinction
Pass,Distinction
Distinction,Distinction
Pass,Distinction
Pass,Pass
Pass,Pass
Pass,Pass
Pass,Distinction
Pass,Distinction
Pass,Pass
Pass,Distinction
Pass,Distinction
Pass,Distinction
Distinction,Distinction
Pass,Distinction
Pass,Distinction
Pass,Distinction
Pass,Distinction
Distinction,Distinction
Distinction,Distinction
Pass,Distinction
Distinction,Distinction
Pass,Pass
Pass,Distinction
Pass,Distinction
Distinction,Distinction
Pass,Pass
Pass,Pass
Pass,Distinction
Pass,Distinction
Distinction,Distinction
Pass,Pass
Distinction,Distinction
Distinction,Distinction
Pass,Distinction
Pass,Distinction
Pass,Distinction
Pass,Pass
Pass,Distinction
Pass,Distinction
Pass,Distinction
Pass,Distinction
Distinction,Distinction
Pass,Distinction
Pass,Pass
Distinction,Distinction
Pass,Distinction
Pass,Distinction
Pass,Pass
Pass,Pass
Pass,Distinction
Pass,Fail
Distinction,Distinction
Pass,Pass
Pass,Distinction
Fail,Fail
Pass,Pass
Distinction,Distinction
Pass,Pass
Pass,Pass
Pass,Pass
Pass,Pass
Pass,Pass
Pass,Pass
Pass,Distinction
Distinction,Distinction
Pass,Distinction
Pass,Pass
Distinction,Distinction
Pass,Pass
Distinction,Distinction
Pass,Pass
Pass,Pass
Pass,Pass
Pass,Pass
Pass,Pass
Pass,Pass
Pass,Pass
Pass,Distinction
Pass,Pass
Pass,Pass
Pass,Distinction
Distinction,Pass
Pass,Pass
Pass,Distinction
Pass,Distinction
Pass,Distinction
Pass,Pass
Distinction,Distinction
Pass,Distinction
Pass,Distinction
Pass,Distinction
Distinction,Pass
Pass,Distinction
Pass,Pass
Pass,Pass
Pass,Pass
Pass,Distinction
Pass,Pass
Pass,Pass
Pass,Distinction
Pass,Pass
Pass,Pass
Pass,Pass
Pass,Pass
Pass,Pass
Pass,Distinction
Pass,Distinction
Pass,Pass
Pass,Distinction
Pass,Pass
Pass,Distinction
Pass,Fail
Pass,Pass
Distinction,Distinction
Pass,Pass
Pass,Pass
Pass,Distinction
Pass,Pass
Pass,Distinction
Pass,Pass
Fail,Fail
Pass,Distinction
Pass,Pass
Pass,Pass
Pass,Distinction
Distinction,Pass
Pass,Fail
Distinction,Distinction
Pass,Distinction
Pass,Distinction
Pass,Pass
Pass,Distinction
Pass,Pass
Pass,Pass
Pass,Fail
Pass,Pass
Fail,Fail
Pass,Distinction
Pass,Pass
Pass,Pass
Pass,Fail
Pass,Pass
Pass,Pass
Pass,Pass
Pass,Distinction
Pass,Pass
Pass,Pass
Pass,Pass
Pass,Pass
Pass,Pass
Pass,Distinction
Distinction,Pass
Pass,Pass
Pass,Pass
Distinction,Distinction
Pass,Pass
Pass,Pass
Fail,Fail
Pass,Distinction
Pass,Fail
Pass,Fail
Pass,Fail
Pass,Pass
Pass,Distinction
Pass,Pass
Pass,Distinction
Pass,Distinction
Pass,Pass
Pass,Pass
Fail,Fail
Pass,Pass
Distinction,Distinction
Pass,Pass
Distinction,Pass
Pass,Pass
Pass,Pass
Pass,Distinction
Pass,Pass
Pass,Distinction
Pass,Pass
Pass,Pass
Pass,Pass
Pass,Distinction
Pass,Pass
Pass,Distinction
Pass,Pass
Pass,Fail
Pass,Distinction
Pass,Pass
Pass,Pass
Distinction,Distinction
Pass,Pass
Pass,Pass
Pass,Pass
Pass,Distinction
Pass,Distinction
Pass,Fail
Pass,Pass
Pass,Distinction
Pass,Pass
Pass,Pass
Pass,Pass
Pass,Pass
Pass,Distinction
Pass,Distinction
Pass,Pass
Pass,Pass
Pass,Pass
Pass,Distinction
Pass,Pass
Pass,Pass
Pass,Distinction
Pass,Pass
Pass,Fail
Pass,Pass
Pass,Pass
Pass,Pass
Pass,Distinction
Pass,Fail
Pass,Pass
Pass,Pass
Pass,Pass
Pass,Pass
Pass,Distinction
Pass,Pass
Pass,Pass
Distinction,Pass
Pass,Distinction
Pass,Fail
Pass,Pass
Pass,Distinction
Pass,Distinction
Pass,Pass
Pass,Pass
Pass,Pass
Pass,Distinction
Pass,Distinction
Pass,Distinction
Pass,Pass
Pass,Fail
Pass,Distinction
Pass,Pass
Pass,Distinction
Pass,Distinction
Distinction,Distinction
Pass,Pass
Pass,Distinction
Pass,Pass
Pass,Distinction
Pass,Distinction
Pass,Distinction
Pass,Fail
Pass,Pass
Pass,Pass
Pass,Pass
Pass,Distinction
Pass,Pass
Distinction,Pass
Pass,Pass
Pass,Fail
Pass,Pass
Pass,Pass
Pass,Distinction
Pass,Pass
Pass,Pass
Pass,Pass
Pass,Pass
Pass,Pass
Pass,Distinction
Pass,Pass
Pass,Distinction
Pass,Pass
Pass,Pass
Pass,Fail
Pass,Distinction
Pass,Pass
Pass,Pass
Pass,Pass
Distinction,Distinction
Pass,Pass
Fail,Fail
Pass,Pass
Distinction,Distinction
Pass,Pass
Pass,Distinction
Pass,Pass
Pass,Distinction
Pass,Distinction
Pass,Fail
Pass,Pass
Pass,Distinction
Pass,Pass
Pass,Fail
Distinction,Distinction
Pass,Distinction
Pass,Pass
Pass,Distinction
Pass,Fail
Distinction,Distinction
Pass,Pass
Pass,Fail
Pass,Pass
Pass,Pass
Pass,Distinction
Distinction,Distinction
Pass,Distinction
Pass,Pass
Pass,Distinction
Distinction,Distinction
Pass,Pass
Pass,Pass
Pass,Pass
Pass,Pass
Pass,Distinction
Pass,Pass
Pass,Pass
Pass,Pass
Distinction,Distinction
Pass,Distinction
Pass,Distinction
Pass,Pass
Pass,Pass
Pass,Pass
Distinction,Distinction
Pass,Distinction
Pass,Pass
Pass,Pass
Pass,Fail
Pass,Fail
Distinction,Distinction
Pass,Pass
Pass,Distinction
Pass,Pass
Pass,Pass
Pass,Distinction
Pass,Pass
Pass,Pass
Pass,Pass
Pass,Pass
Pass,Pass
Pass,Pass
Pass,Pass
Pass,Pass
Pass,Distinction
Pass,Fail
Pass,Pass
Distinction,Pass
Pass,Pass
Pass,Distinction
Pass,Pass
Pass,Pass
Pass,Pass
Pass,Pass
Pass,Pass
Pass,Pass
Pass,Pass
Pass,Pass
Pass,Distinction
Pass,Pass
Pass,Fail
Pass,Pass
Pass,Pass
Pass,Pass
Pass,Distinction
Pass,Pass
Pass,Pass
Pass,Pass
Pass,Pass
Pass,Pass
Pass,Pass
Pass,Pass
Pass,Distinction
Pass,Fail
Pass,Distinction
Pass,Pass
Pass,Pass
Pass,Pass
Pass,Pass
Pass,Pass
Pass,Distinction
Pass,Distinction
Pass,Pass
Pass,Pass
Pass,Pass
Pass,Fail
Pass,Distinction
Pass,Pass
Pass,Pass
Pass,Pass
Pass,Pass
Pass,Pass
Pass,Distinction
Pass,Pass
Pass,Distinction
Distinction,Distinction
Pass,Distinction
Pass,Distinction
Pass,Pass
Pass,Distinction
Pass,Pass
Distinction,Distinction
Pass,Pass
Pass,Fail
Pass,Pass
Pass,Distinction
Pass,Distinction
Pass,Pass
Pass,Distinction
Pass,Fail
Pass,Pass
Pass,Fail
Pass,Pass
Pass,Pass
Pass,Pass
Pass,Pass
Pass,Pass
Pass,Pass
Pass,Pass
Pass,Pass
Pass,Pass
Pass,Pass
Pass,Pass
Pass,Pass
Pass,Pass
Pass,Distinction
Pass,Fail
Pass,Pass
Pass,Pass
Pass,Pass
Pass,Fail
Pass,Distinction
Pass,Distinction
Distinction,Fail
Pass,Pass
Pass,Pass
Distinction,Pass
Pass,Distinction
Pass,Pass
Pass,Pass
Pass,Pass
Pass,Fail
Distinction,Distinction
Pass,Pass
Pass,Pass
Pass,Pass
Pass,Pass
Pass,Pass
Pass,Fail
Pass,Pass
Distinction,Pass
Pass,Distinction
Pass,Pass
Pass,Fail
Distinction,Pass
Pass,Pass
Pass,Distinction
Pass,Pass
Pass,Pass
Pass,Pass
Pass,Pass
Pass,Distinction
Pass,Pass
Distinction,Pass
Pass,Fail
Pass,Pass
Pass,Distinction
Pass,Distinction
Fail,Fail
Pass,Pass
Pass,Pass
Pass,Pass
Pass,Pass
Pass,Pass
Pass,Pass
Pass,Pass
Pass,Distinction
Pass,Distinction
Pass,Pass
Pass,Pass
Pass,Fail
Pass,Pass
Pass,Pass
Pass,Distinction
Pass,Pass
Pass,Pass
Pass,Pass
Pass,Fail
Pass,Pass
Pass,Pass
Distinction,Pass
Pass,Distinction
Pass,Pass
Pass,Pass
Pass,Pass
Pass,Pass
Pass,Pass
Pass,Pass
Pass,Pass
Pass,Pass
Pass,Distinction
Pass,Distinction
Pass,Distinction
Pass,Pass
Pass,Pass
Distinction,Pass
Pass,Distinction
Distinction,Distinction
Pass,Pass
Pass,Pass
Distinction,Distinction
Pass,Distinction
Distinction,Pass
Pass,Pass
Pass,Fail
Pass,Pass
Distinction,Pass
Distinction,Distinction
Pass,Distinction
Pass,Fail
Pass,Pass
Pass,Fail
Distinction,Distinction
Distinction,Distinction
Pass,Pass
Pass,Pass
Pass,Distinction
Pass,Pass
Pass,Pass
Pass,Pass
Distinction,Distinction
Distinction,Pass
Distinction,Pass
Pass,Distinction
Pass,Pass
Distinction,Fail
Pass,Pass
Distinction,Distinction
Pass,Distinction
Pass,Pass
Pass,Pass
Pass,Pass
Pass,Fail
Pass,Pass
Pass,Pass
Pass,Pass
Pass,Pass
Pass,Pass
Pass,Pass
Pass,Pass
Pass,Fail
Pass,Distinction
Pass,Distinction
Pass,Pass
Pass,Pass
Pass,Pass
Pass,Pass
Pass,Pass
Pass,Distinction
Pass,Pass
Pass,Pass
Pass,Pass
Distinction,Distinction
Pass,Pass
Pass,Pass
Pass,Fail
Pass,Pass
Pass,Pass
Pass,Distinction
Pass,Pass
Pass,Pass
Distinction,Distinction
Pass,Pass
Distinction,Distinction
Distinction,Pass
Pass,Distinction
Distinction,Distinction
Pass,Distinction
Pass,Pass
Distinction,Distinction
Distinction,Distinction
Pass,Pass
Pass,Distinction
Pass,Pass
Pass,Pass
Pass,Pass
Pass,Distinction
Pass,Pass
Distinction,Distinction
Pass,Pass
Fail,Fail
Pass,Distinction
Pass,Pass
Pass,Pass
Pass,Distinction
Pass,Distinction
Pass,Pass
Pass,Pass
Pass,Distinction
Pass,Distinction
Pass,Pass
Distinction,Distinction
Pass,Pass
Pass,Pass
Pass,Pass
Pass,Pass
Pass,Pass
Pass,Pass
Distinction,Pass
Pass,Distinction
Pass,Pass
Distinction,Distinction
Pass,Pass
Pass,Pass
Pass,Pass
Pass,Fail
Pass,Distinction
Pass,Pass
Pass,Fail
Pass,Pass
Pass,Pass
Pass,Pass
Distinction,Distinction
Pass,Pass
Pass,Distinction
Pass,Pass
Pass,Distinction
Pass,Fail
Pass,Fail
Distinction,Distinction
Pass,Pass
Pass,Pass
Pass,Distinction
Pass,Pass
Pass,Pass
Pass,Distinction
Pass,Pass
Pass,Fail
Distinction,Distinction
Pass,Pass
Pass,Pass
Pass,Pass
Pass,Fail
Pass,Pass
Pass,Fail
Pass,Distinction
Pass,Distinction
Pass,Distinction
Pass,Pass
Pass,Pass
Pass,Distinction
Pass,Pass
Pass,Pass
Fail,Fail
Distinction,Distinction
Pass,Pass
Pass,Fail
Distinction,Pass
Pass,Pass
Pass,Distinction
Pass,Pass
Pass,Distinction
Distinction,Distinction
Pass,Distinction
Pass,Distinction
Pass,Distinction
Pass,Distinction
Pass,Pass
Distinction,Fail
Pass,Pass
Pass,Pass
Pass,Distinction
Fail,Fail
Distinction,Pass
Pass,Pass
Pass,Pass
Pass,Pass
Pass,Pass
Pass,Pass
Fail,Fail
Pass,Distinction
Pass,Pass
Pass,Pass
Pass,Distinction
Distinction,Distinction
Pass,Distinction
Pass,Fail
Pass,Pass
Pass,Pass
Pass,Pass
Pass,Pass
Pass,Pass
Pass,Pass
Pass,Pass
Pass,Pass
Pass,Fail
Distinction,Pass
Pass,Pass
Pass,Distinction
Pass,Pass
Pass,Pass
Pass,Pass
Pass,Fail
Distinction,Distinction
Pass,Pass
Pass,Fail
Pass,Pass
Pass,Pass
Pass,Pass
Pass,Fail
Pass,Distinction
Pass,Pass
Pass,Distinction
Pass,Fail
Pass,Pass
Pass,Pass
Pass,Fail
Fail,Fail
Fail,Pass
Pass,Pass
Pass,Fail
Pass,Fail
Distinction,Distinction
Pass,Pass
Pass,Pass
Pass,Fail
Pass,Pass
Pass,Pass
Pass,Pass
Pass,Pass
Pass,Pass
Pass,Pass
Fail,Fail
Pass,Pass
Fail,Fail
Pass,Distinction
Distinction,Distinction
Pass,Pass
Pass,Pass
Pass,Pass
Pass,Pass
Pass,Pass
Pass,Pass
Pass,Distinction
Pass,Fail
Pass,Distinction
Pass,Pass
Pass,Pass
Fail,Fail
Pass,Pass
Pass,Pass
Pass,Pass
Pass,Pass
Distinction,Pass
Pass,Distinction
Pass,Pass
Pass,Pass
Pass,Fail
Pass,Pass
Pass,Distinction
Pass,Pass
Pass,Pass
Pass,Pass
Pass,Pass
Distinction,Distinction
Pass,Pass
Pass,Pass
Pass,Pass
Pass,Pass
Pass,Pass
Pass,Fail
Pass,Pass
Pass,Fail
Pass,Fail
Pass,Distinction
Pass,Fail
Pass,Distinction
Pass,Pass
Pass,Distinction
Pass,Pass
Pass,Distinction
Pass,Pass
Pass,Pass
Pass,Distinction
Pass,Distinction
Pass,Fail
Pass,Distinction
Fail,Fail
Pass,Pass
Pass,Distinction
Pass,Pass
Pass,Pass
Pass,Distinction
Pass,Pass
Pass,Distinction
Pass,Pass
Distinction,Distinction
Pass,Pass
Pass,Pass
Pass,Pass
Pass,Pass
Distinction,Fail
Pass,Distinction
Pass,Distinction
Pass,Distinction
Pass,Distinction
Distinction,Pass
Pass,Distinction
Pass,Distinction
Pass,Pass
Pass,Distinction
Pass,Pass
Pass,Pass
Pass,Fail
Pass,Pass
Pass,Pass
Pass,Pass
Pass,Pass
Pass,Distinction
Fail,Fail
Pass,Pass
Pass,Pass
Pass,Pass
Pass,Pass
Pass,Pass
Pass,Fail
Pass,Distinction
Pass,Pass
Pass,Distinction
Pass,Pass
Pass,Pass
Pass,Pass
Pass,Distinction
Pass,Pass
Pass,Distinction
Pass,Distinction
Distinction,Distinction
Pass,Pass
Pass,Pass
Pass,Distinction
Pass,Distinction
Pass,Distinction
Pass,Pass
Pass,Pass
Pass,Pass
Pass,Pass
Pass,Pass
Pass,Distinction
Pass,Pass
Pass,Pass
Pass,Distinction
Pass,Distinction
Pass,Pass
Distinction,Distinction
Pass,Distinction
Pass,Fail
Pass,Pass
Pass,Pass
Pass,Pass
Pass,Pass
Pass,Fail
Pass,Distinction
Pass,Pass
Pass,Pass
Pass,Pass
Pass,Pass
Pass,Pass
Pass,Pass
Pass,Pass
Pass,Pass
Pass,Pass
Pass,Distinction
Pass,Pass
Pass,Pass
Pass,Pass
Pass,Pass
Pass,Pass
Pass,Distinction
Pass,Pass
Pass,Pass
Pass,Pass
Distinction,Distinction
Pass,Distinction
Pass,Distinction
Distinction,Distinction
Pass,Pass
Pass,Pass
Pass,Distinction
Pass,Pass
Pass,Pass
Pass,Pass
Distinction,Pass
Pass,Pass
Pass,Distinction
Pass,Distinction
Distinction,Pass
Pass,Pass
Pass,Pass
Distinction,Pass
Pass,Pass
Pass,Distinction
Distinction,Distinction
Distinction,Distinction
Distinction,Pass
Pass,Pass
Pass,Pass
Distinction,Distinction
Distinction,Distinction
Pass,Distinction
Pass,Pass
Pass,Pass
Pass,Pass
Pass,Fail
Pass,Pass
Pass,Distinction
Pass,Distinction
Pass,Pass
Distinction,Pass
Pass,Pass
Pass,Pass
Pass,Distinction
Pass,Distinction
Pass,Pass
Pass,Pass
Pass,Pass
Pass,Pass
Pass,Distinction
Pass,Pass
Pass,Pass
Pass,Distinction
Pass,Pass
Pass,Pass
Pass,Pass
Pass,Pass
Pass,Pass
Pass,Pass
Pass,Pass
Pass,Pass
Fail,Fail
Pass,Distinction
Pass,Pass
Pass,Distinction
Pass,Pass
Pass,Pass
Pass,Pass
Pass,Pass
Distinction,Pass
Pass,Pass
Pass,Pass
Pass,Fail
Pass,Pass
Pass,Pass
Pass,Distinction
Fail,Fail
Pass,Distinction
Pass,Pass
Pass,Pass
Pass,Distinction
Pass,Fail
Pass,Distinction
Pass,Distinction
Pass,Pass
Pass,Pass
Pass,Pass
Pass,Pass
Distinction,Distinction
Pass,Distinction
Pass,Pass
Pass,Pass
Pass,Fail
Pass,Pass
Pass,Pass
Pass,Distinction
Pass,Distinction
Pass,Pass
Pass,Distinction
Pass,Pass
Pass,Distinction
Pass,Pass
Pass,Pass
Pass,Fail
Distinction,Distinction
Pass,Pass
Pass,Pass
Pass,Fail
Pass,Distinction
Pass,Pass
Pass,Pass
Pass,Pass
Pass,Pass
Pass,Pass
Pass,Distinction
Pass,Distinction
Pass,Pass
Pass,Pass
Pass,Pass
Pass,Pass
Pass,Pass
Pass,Distinction
Pass,Pass
Pass,Pass
Pass,Distinction
Pass,Distinction
Pass,Pass
Pass,Pass
Pass,Pass
Pass,Distinction
Pass,Distinction
Pass,Pass
Distinction,Distinction
Pass,Pass
Pass,Distinction
Pass,Distinction
Pass,Distinction
Pass,Pass
Distinction,Distinction
Pass,Distinction
Pass,Fail
Pass,Distinction
Pass,Pass
Pass,Pass
Pass,Distinction
Pass,Pass
Pass,Pass
Pass,Pass
Pass,Pass
Distinction,Distinction
Pass,Pass
Pass,Distinction
Pass,Distinction
Pass,Pass
Distinction,Distinction
Distinction,Distinction
Pass,Pass
Distinction,Distinction
Pass,Pass
Pass,Pass
Pass,Distinction
Pass,Pass
Pass,Distinction
Pass,Pass
Pass,Distinction
Pass,Pass
Pass,Pass
Pass,Pass
Pass,Pass
Pass,Pass
Distinction,Distinction
Distinction,Pass
Pass,Distinction
Pass,Pass
Pass,Distinction
Pass,Pass
Pass,Pass
Pass,Pass
Pass,Distinction
Distinction,Distinction
Pass,Pass
Pass,Pass
Pass,Pass
Pass,Pass
Distinction,Distinction
Pass,Distinction
Pass,Pass
Pass,Distinction
Pass,Pass
Distinction,Distinction
Pass,Distinction
Pass,Pass
Pass,Pass
Pass,Distinction
Pass,Distinction
Pass,Pass
Pass,Fail
Pass,Distinction
Pass,Distinction
Pass,Pass
Pass,Distinction
Pass,Distinction
Pass,Pass
Pass,Pass
Pass,Fail
Pass,Distinction
Pass,Distinction
Pass,Pass
Pass,Pass
Pass,Distinction
Pass,Distinction
Pass,Pass
Pass,Pass
Pass,Pass
Pass,Distinction
Pass,Fail
Pass,Distinction
Distinction,Distinction
Pass,Pass
Pass,Pass
Pass,Pass
Pass,Distinction
Pass,Pass
Pass,Pass
Pass,Pass
Pass,Pass
Pass,Distinction
Pass,Pass
Pass,Distinction
Pass,Pass
Pass,Fail
Pass,Pass
Pass,Pass
Pass,Pass
Pass,Pass
Pass,Pass
Pass,Pass
Distinction,Distinction
Pass,Pass
Pass,Distinction
Pass,Distinction
Pass,Distinction
Pass,Pass
Pass,Pass
Pass,Distinction
Pass,Distinction
Fail,Fail
Pass,Fail
Pass,Pass
Pass,Pass
Pass,Pass
Pass,Pass
Pass,Pass
Pass,Pass
Pass,Fail
Pass,Pass
Pass,Pass
Fail,Distinction
Pass,Distinction
Distinction,Distinction
Pass,Fail
Pass,Fail
Pass,Distinction
Pass,Distinction
Pass,Pass
Pass,Pass
Pass,Pass
Pass,Pass
Pass,Pass
Pass,Distinction
Pass,Pass
Pass,Distinction
Distinction,Distinction
Pass,Pass
Pass,Distinction
Pass,Pass
Distinction,Distinction
Pass,Pass
Pass,Distinction
Pass,Distinction
Pass,Distinction
Distinction,Distinction
Pass,Pass
Pass,Pass
Pass,Pass
Pass,Pass
Pass,Distinction
Distinction,Distinction
Pass,Distinction
Pass,Pass
Pass,Distinction
Pass,Pass
Pass,Distinction
Pass,Pass
Fail,Fail
Pass,Pass
Pass,Distinction
Pass,Pass
Distinction,Distinction
Pass,Pass
Pass,Distinction
Pass,Distinction
Pass,Pass
Pass,Pass
Pass,Distinction
Distinction,Distinction
Pass,Pass
Pass,Pass
Pass,Pass
Pass,Distinction
Pass,Pass
Pass,Distinction
Pass,Fail
Pass,Fail
Pass,Pass
Pass,Distinction
Pass,Pass
Pass,Pass
Pass,Distinction
Distinction,Distinction
Pass,Distinction
Pass,Distinction
Pass,Pass
Pass,Distinction
Distinction,Distinction
Pass,Distinction
Pass,Pass
Pass,Pass
Pass,Distinction
Pass,Pass
Pass,Distinction
Pass,Pass
Pass,Distinction
Pass,Pass
Distinction,Pass
Pass,Pass
Pass,Pass
Pass,Distinction
Pass,Pass
Pass,Distinction
Pass,Pass
Pass,Pass
Distinction,Pass
Pass,Distinction
Pass,Pass
Pass,Pass
Pass,Pass
Pass,Distinction
Pass,Pass
Pass,Pass
Pass,Pass
Pass,Pass
Pass,Pass
Pass,Pass
Pass,Pass
Pass,Distinction
Fail,Distinction
Pass,Distinction
Pass,Pass
Pass,Pass
Pass,Pass
Pass,Pass
Pass,Fail
Pass,Pass
Pass,Pass
Pass,Fail
Pass,Pass
Pass,Distinction
Pass,Pass
Pass,Pass
Pass,Pass
Pass,Pass
Pass,Distinction
Pass,Pass
Pass,Pass
Distinction,Distinction
Pass,Pass
Pass,Pass
Pass,Pass
Pass,Distinction
Distinction,Pass
Distinction,Distinction
Distinction,Distinction
Pass,Pass
Pass,Pass
Distinction,Distinction
Pass,Pass
Pass,Pass
Pass,Pass
Pass,Pass
Pass,Pass
Pass,Pass
Distinction,Distinction
Pass,Distinction
Pass,Pass
Pass,Pass
Pass,Distinction
Pass,Pass
Distinction,Distinction
Pass,Pass
Pass,Pass
Pass,Pass
Pass,Pass
Pass,Fail
Distinction,Distinction
Pass,Distinction
Pass,Distinction
Pass,Pass
Pass,Pass
Pass,Distinction
Pass,Pass
Pass,Pass
Pass,Pass
Pass,Pass
Pass,Fail
Pass,Pass
Pass,Pass
Pass,Fail
Distinction,Distinction
Distinction,Distinction
Pass,Pass
Pass,Pass
Pass,Pass
Pass,Pass
Pass,Distinction
Pass,Pass
Pass,Distinction
Pass,Distinction
Pass,Distinction
Distinction,Distinction
Pass,Pass
Pass,Pass
Distinction,Distinction
Pass,Pass
Pass,Distinction
Pass,Pass
Pass,Distinction
Pass,Distinction
Pass,Pass
Pass,Pass
Distinction,Distinction
Distinction,Pass
Pass,Distinction
Pass,Pass
Pass,Pass
Pass,Distinction
Distinction,Distinction
Pass,Pass
Pass,Distinction
Distinction,Pass
Pass,Pass
Pass,Pass
Pass,Pass
Pass,Fail
Pass,Distinction
Pass,Distinction
Pass,Pass
Pass,Pass
Pass,Distinction
Distinction,Distinction
Pass,Pass
Pass,Pass
Pass,Pass
Pass,Pass
Distinction,Pass
Pass,Distinction
Pass,Distinction
Pass,Pass
Fail,Fail
Pass,Distinction
Distinction,Distinction
Pass,Distinction
Pass,Distinction
Pass,Pass
Pass,Distinction
Pass,Distinction
Distinction,Distinction
Pass,Pass
Pass,Pass
Pass,Pass
Distinction,Distinction
Pass,Distinction
Pass,Pass
Pass,Pass
Pass,Pass
Pass,Fail
Pass,Pass
Pass,Pass
Pass,Pass
Distinction,Distinction
Pass,Pass
Pass,Pass
Distinction,Distinction
Pass,Distinction
Distinction,Distinction
Pass,Distinction
Distinction,Distinction
Pass,Distinction
Pass,Distinction
Pass,Pass
Pass,Pass
Pass,Distinction
Pass,Distinction
Pass,Pass
Pass,Pass
Pass,Pass
Pass,Pass
Pass,Pass
Pass,Pass
Pass,Pass
Pass,Pass
Pass,Fail
Pass,Distinction
Pass,Distinction
Pass,Pass
Pass,Distinction
Pass,Pass
Pass,Pass
Pass,Distinction
Pass,Pass
Pass,Pass
Pass,Pass
Pass,Pass
Pass,Pass
Pass,Pass
Pass,Pass
Pass,Pass
Pass,Pass
Distinction,Pass
Pass,Distinction
Pass,Pass
Pass,Distinction
Pass,Pass
Distinction,Distinction
Pass,Pass
Pass,Pass
Pass,Pass
Pass,Pass
Pass,Pass
Pass,Pass
Pass,Distinction
Pass,Distinction
Pass,Pass
Pass,Pass
Pass,Pass
Pass,Pass
Pass,Pass
Distinction,Distinction
Pass,Distinction
Pass,Distinction
Pass,Pass
Pass,Distinction
Pass,Pass
Pass,Distinction
Pass,Distinction
Pass,Pass
Pass,Pass
Pass,Pass
Pass,Distinction
Pass,Fail
Pass,Pass
Pass,Pass
Pass,Fail
Pass,Pass
Pass,Pass
Pass,Pass
Pass,Fail
Pass,Distinction
Pass,Pass
Pass,Distinction
Pass,Pass
Fail,Fail
Pass,Pass
Pass,Pass
Pass,Pass
Pass,Fail
Pass,Distinction
Pass,Fail
Pass,Pass
Pass,Pass
Pass,Fail
Pass,Fail
Pass,Fail
Pass,Fail
Pass,Pass
Pass,Distinction
Pass,Distinction
Pass,Fail
Pass,Pass
Pass,Pass
Pass,Pass
Pass,Pass
Pass,Fail
Pass,Pass
Pass,Pass
Pass,Pass
Pass,Pass
Pass,Pass
Pass,Pass
Pass,Pass
Pass,Pass
Pass,Distinction
Pass,Pass
Pass,Pass
Pass,Distinction
Pass,Pass
Pass,Pass
Pass,Pass
Pass,Distinction
Pass,Pass
Pass,Fail
Pass,Pass
Pass,Pass
Pass,Pass
Pass,Distinction
Pass,Pass
Pass,Pass
Pass,Pass
Pass,Pass
Pass,Pass
Pass,Pass
Pass,Pass
Pass,Pass
Pass,Fail
Pass,Distinction
Pass,Fail
Pass,Pass
Pass,Distinction
Pass,Pass
Pass,Fail
Pass,Pass
Pass,Pass
Pass,Pass
Pass,Pass
Pass,Pass
Fail,Fail
Pass,Pass
Pass,Pass
Pass,Distinction
Pass,Pass
Pass,Distinction
Pass,Distinction
Pass,Pass
Pass,Distinction
Pass,Pass
Pass,Pass
Pass,Pass
Pass,Distinction
Pass,Pass
Pass,Pass
Pass,Pass
Pass,Pass
Pass,Pass
Pass,Pass
Pass,Pass
Pass,Fail
Pass,Distinction
Pass,Pass
Pass,Distinction
Pass,Pass
Pass,Pass
Pass,Pass
Pass,Pass
Pass,Fail
Pass,Pass
Pass,Fail
Pass,Pass
Pass,Pass
Pass,Distinction
Pass,Fail
Pass,Distinction
Pass,Pass
Pass,Pass
Pass,Distinction
Pass,Pass
Pass,Fail
Pass,Pass
Pass,Pass
Pass,Pass
Pass,Pass
Pass,Pass
Pass,Pass
Pass,Fail
Pass,Pass
Pass,Pass
Pass,Fail
Pass,Pass
Pass,Fail
Pass,Pass
Pass,Pass
Pass,Pass
Pass,Fail
Pass,Pass
Pass,Pass
Pass,Distinction
Pass,Distinction
Pass,Pass
Pass,Fail
Pass,Distinction
Pass,Pass
Pass,Pass
Pass,Pass
Pass,Pass
Pass,Pass
Pass,Pass
Pass,Pass
Pass,Distinction
Pass,Pass
Pass,Distinction
Pass,Pass
Pass,Pass
Pass,Distinction
Pass,Pass
Pass,Pass
Pass,Pass
Pass,Pass
Pass,Pass
Fail,Fail
Pass,Pass
Pass,Fail
Pass,Fail
Pass,Fail
Pass,Pass
Pass,Fail
Pass,Fail
Pass,Pass
Pass,Pass
Pass,Pass
Pass,Fail
Pass,Pass
Pass,Pass
Distinction,Distinction
Pass,Pass
Pass,Pass
Fail,Fail
Pass,Pass
Pass,Pass
Pass,Pass
Fail,Fail
Pass,Pass
Pass,Pass
Pass,Fail
Pass,Pass
Pass,Fail
Pass,Pass
Pass,Distinction
Pass,Distinction
Pass,Pass
Pass,Pass
Pass,Fail
Pass,Distinction
Pass,Pass
Pass,Fail
Pass,Pass
Pass,Distinction
Pass,Pass
Pass,Pass
Pass,Pass
Pass,Pass
Pass,Pass
Pass,Distinction
Pass,Pass
Pass,Pass
Pass,Pass
Pass,Pass
Pass,Fail
Pass,Pass
Pass,Pass
Pass,Pass
Pass,Fail
Pass,Distinction
Pass,Fail
Pass,Pass
Pass,Pass
Pass,Pass
Distinction,Fail
Pass,Pass
Pass,Fail
Pass,Pass
Pass,Pass
Pass,Fail
Pass,Pass
Pass,Fail
Pass,Fail
Pass,Distinction
Pass,Pass
Pass,Fail
Pass,Distinction
Pass,Pass
Pass,Pass
Pass,Pass
Pass,Fail
Pass,Pass
Pass,Pass
Pass,Fail
Pass,Pass
Pass,Pass
Pass,Pass
Pass,Pass
Pass,Pass
Pass,Pass
Pass,Fail
Pass,Distinction
Pass,Pass
Pass,Pass
Pass,Fail
Pass,Fail
Pass,Fail
Pass,Pass
Pass,Distinction
Pass,Distinction
Pass,Pass
Pass,Distinction
Pass,Distinction
Pass,Pass
Pass,Distinction
Pass,Distinction
Pass,Pass
Pass,Pass
Pass,Distinction
Pass,Distinction
Pass,Pass
Pass,Pass
Pass,Pass
Pass,Fail
Pass,Pass
Distinction,Fail
Pass,Distinction
Pass,Pass
Pass,Distinction
Pass,Distinction
Pass,Pass
Pass,Pass
Pass,Pass
Pass,Pass
Pass,Pass
Pass,Pass
Pass,Fail
Pass,Pass
Pass,Distinction
Pass,Pass
Pass,Pass
Pass,Pass
Pass,Fail
Pass,Pass
Pass,Pass
Pass,Distinction
Pass,Pass
Pass,Pass
Pass,Fail
Pass,Pass
Pass,Pass
Distinction,Distinction
Pass,Fail
Pass,Pass
Pass,Pass
Pass,Pass
Pass,Pass
Fail,Fail
Pass,Pass
Pass,Fail
Pass,Pass
Pass,Pass
Pass,Fail
Pass,Pass
Pass,Pass
Pass,Pass
Pass,Pass
Pass,Pass
Pass,Pass
Pass,Pass
Pass,Pass
Pass,Distinction
Pass,Fail
Pass,Pass
Pass,Pass
Pass,Pass
Pass,Distinction
Pass,Pass
Pass,Pass
Pass,Distinction
Pass,Fail
Pass,Distinction
Pass,Pass
Pass,Pass
Pass,Pass
Fail,Fail
Pass,Fail
Pass,Pass
Pass,Fail
Pass,Pass
Pass,Pass
Pass,Pass
Pass,Pass
Pass,Pass
Pass,Pass
Pass,Fail
Pass,Pass
Pass,Pass
Pass,Pass
Pass,Pass
Pass,Distinction
Pass,Distinction
Pass,Pass
Pass,Pass
Pass,Fail
Pass,Pass
Pass,Pass
Pass,Pass
Pass,Pass
Pass,Fail
Pass,Fail
Pass,Pass
Pass,Fail
Pass,Pass
Pass,Pass
Pass,Distinction
Pass,Pass
Pass,Fail
Pass,Pass
Pass,Fail
Pass,Pass
Pass,Distinction
Pass,Distinction
Pass,Fail
Fail,Fail
Pass,Pass
Pass,Pass
Pass,Pass
Pass,Pass
Pass,Pass
Pass,Fail
Pass,Pass
Pass,Distinction
Pass,Fail
Pass,Distinction
Pass,Pass
Pass,Pass
Pass,Pass
Pass,Pass
Pass,Pass
Pass,Fail
Pass,Pass
Pass,Pass
Pass,Fail
Pass,Distinction
Pass,Fail
Fail,Pass
Pass,Pass
Pass,Pass
Pass,Pass
Pass,Pass
Pass,Pass
Pass,Fail
Pass,Fail
Pass,Pass
Pass,Pass
Pass,Pass
Pass,Pass
Pass,Pass
Pass,Pass
Pass,Fail
Pass,Fail
Pass,Pass
Pass,Pass
Pass,Distinction
Pass,Pass
Pass,Distinction
Pass,Pass
Pass,Pass
Pass,Pass
Pass,Pass
Pass,Pass
Pass,Pass
Pass,Pass
Pass,Pass
Pass,Fail
Pass,Pass
Pass,Pass
Pass,Pass
Pass,Pass
Pass,Distinction
Pass,Pass
Pass,Pass
Pass,Pass
Pass,Pass
Pass,Fail
Pass,Pass
Pass,Pass
Pass,Pass
Pass,Fail
Pass,Pass
Pass,Pass
Pass,Pass
Pass,Distinction
Pass,Pass
Pass,Pass
Pass,Fail
Pass,Pass
Pass,Pass
Pass,Pass
Pass,Pass
Pass,Pass
Pass,Distinction
Pass,Pass
Pass,Pass
Pass,Pass
Pass,Distinction
Pass,Fail
Pass,Distinction
Pass,Pass
Pass,Pass
Pass,Pass
Pass,Fail
Pass,Fail
Pass,Pass
Pass,Pass
Pass,Pass
Pass,Fail
Pass,Pass
Pass,Pass
Pass,Pass
Pass,Pass
Pass,Pass
Pass,Pass
Pass,Pass
Fail,Fail
Pass,Pass
Pass,Fail
Pass,Pass
Pass,Fail
Pass,Pass
Pass,Pass
Pass,Pass
Pass,Pass
Pass,Distinction
Pass,Pass
Pass,Distinction
Pass,Pass
Pass,Pass
Pass,Pass
Pass,Pass
Pass,Pass
Pass,Fail
Pass,Pass
Pass,Pass
Pass,Pass
Pass,Pass
Pass,Pass
Pass,Pass
Pass,Pass
Pass,Pass
Pass,Pass
Pass,Distinction
Pass,Distinction
Pass,Distinction
Pass,Pass
Pass,Distinction
Fail,Fail
Pass,Pass
Pass,Distinction
Pass,Fail
Pass,Fail
Pass,Pass
Pass,Pass
Pass,Pass
Pass,Pass
Pass,Pass
Pass,Fail
Pass,Pass
Distinction,Distinction
Pass,Pass
Pass,Distinction
Pass,Pass
Pass,Pass
Pass,Distinction
Pass,Distinction
Pass,Pass
Pass,Pass
Pass,Fail
Pass,Distinction
Pass,Pass
Pass,Pass
Pass,Pass
Pass,Pass
Pass,Pass
Pass,Pass
Pass,Pass
Pass,Pass
Pass,Distinction
Pass,Fail
Pass,Pass
Pass,Pass
Pass,Distinction
Pass,Fail
Pass,Fail
Pass,Pass
Pass,Fail
Pass,Pass
Pass,Pass
Pass,Pass
Pass,Pass
Pass,Pass
Pass,Pass
Pass,Distinction
Pass,Pass
Pass,Pass
Pass,Pass
Pass,Pass
Pass,Pass
Pass,Pass
Pass,Distinction
Pass,Pass
Pass,Distinction
Pass,Pass
Distinction,Distinction
Pass,Fail
Fail,Pass
Pass,Pass
Pass,Pass
Pass,Fail
Pass,Pass
Pass,Pass
Pass,Distinction
Pass,Distinction
Pass,Pass
Pass,Fail
Pass,Pass
Pass,Pass
Pass,Pass
Pass,Pass
Pass,Pass
Pass,Fail
Pass,Fail
Pass,Pass
Pass,Pass
Pass,Fail
Pass,Pass
Pass,Pass
Pass,Fail
Pass,Pass
Pass,Pass
Pass,Pass
Pass,Pass
Pass,Pass
Fail,Fail
Pass,Pass
Pass,Fail
Pass,Distinction
Pass,Pass
Pass,Pass
Pass,Pass
Pass,Pass
Pass,Pass
Pass,Pass
Pass,Pass
Pass,Pass
Pass,Pass
Pass,Distinction
Pass,Pass
Pass,Distinction
Pass,Pass
Pass,Pass
Pass,Fail
Pass,Pass
Pass,Pass
Pass,Pass
Pass,Pass
Pass,Pass
Pass,Pass
Pass,Pass
Pass,Pass
Pass,Pass
Pass,Fail
Pass,Pass
Pass,Pass
Pass,Fail
Pass,Pass
Pass,Distinction
Pass,Fail
Fail,Fail
Distinction,Distinction
Pass,Fail
Pass,Pass
Pass,Fail
Pass,Pass
Pass,Pass
Pass,Pass
Pass,Pass
Pass,Pass
Fail,Fail
Distinction,Pass
Pass,Fail
Pass,Fail
Pass,Pass
Pass,Pass
Pass,Fail
Pass,Pass
Pass,Pass
Pass,Pass
Pass,Pass
Pass,Pass
Pass,Pass
Pass,Pass
Pass,Distinction
Fail,Fail
Pass,Fail
Pass,Pass
Pass,Pass
Distinction,Pass
Pass,Pass
Pass,Pass
Pass,Distinction
Pass,Pass
Pass,Pass
Pass,Pass
Pass,Pass
Fail,Fail
Pass,Pass
Pass,Distinction
Pass,Fail
Pass,Distinction
Pass,Pass
Pass,Pass
Pass,Pass
Pass,Fail
Pass,Pass
Pass,Pass
Pass,Pass
Pass,Fail
Pass,Pass
Pass,Pass
Pass,Fail
Pass,Fail
Pass,Pass
Pass,Distinction
Pass,Fail
Pass,Distinction
Pass,Pass
Pass,Pass
Pass,Fail
Pass,Pass
Pass,Fail
Distinction,Distinction
Pass,Pass
Pass,Pass
Pass,Pass
Pass,Distinction
Pass,Distinction
Pass,Pass
Pass,Pass
Pass,Distinction
Pass,Pass
Pass,Distinction
Pass,Pass
Pass,Pass
Pass,Pass
Pass,Pass
Pass,Fail
Pass,Pass
Pass,Fail
Pass,Pass
Pass,Pass
Pass,Distinction
Pass,Pass
Pass,Pass
Pass,Fail
Pass,Pass
Pass,Pass
Pass,Pass
Pass,Fail
Pass,Pass
Pass,Fail
Pass,Pass
Pass,Pass
Pass,Distinction
Pass,Pass
Pass,Pass
Pass,Fail
Pass,Pass
Pass,Pass
Pass,Pass
Pass,Distinction
Pass,Pass
Pass,Pass
Pass,Distinction
Pass,Pass
Pass,Fail
Pass,Pass
Pass,Pass
Pass,Pass
Pass,Pass
Pass,Pass
Pass,Pass
Fail,Fail
Pass,Fail
Pass,Pass
Pass,Pass
Pass,Fail
Pass,Pass
Pass,Distinction
Pass,Distinction
Pass,Pass
Pass,Fail
Pass,Fail
Pass,Pass
Pass,Fail
Pass,Pass
Pass,Pass
Fail,Fail
Pass,Fail
Pass,Pass
Pass,Pass
Pass,Pass
Pass,Pass
Pass,Distinction
Pass,Fail
Distinction,Distinction
Pass,Pass
Pass,Pass
Pass,Pass
Distinction,Distinction
Pass,Pass
Distinction,Pass
Pass,Pass
Pass,Pass
Pass,Pass
Pass,Pass
Pass,Distinction
Pass,Pass
Pass,Pass
Pass,Distinction
Pass,Pass
Pass,Pass
Pass,Pass
Pass,Distinction
Pass,Pass
Pass,Pass
Pass,Pass
Pass,Pass
Pass,Pass
Pass,Pass
Pass,Distinction
Pass,Fail
Pass,Distinction
Pass,Distinction
Pass,Pass
Pass,Distinction
Pass,Pass
Pass,Pass
Pass,Pass
Pass,Pass
Distinction,Distinction
Pass,Pass
Pass,Fail
Pass,Pass
Pass,Pass
Pass,Pass
Pass,Pass
Pass,Pass
Pass,Pass
Distinction,Distinction
Pass,Pass
Pass,Pass
Pass,Fail
Pass,Pass
Pass,Pass
Fail,Fail
Pass,Distinction
Pass,Distinction
Pass,Pass
Pass,Pass
Pass,Fail
Pass,Pass
Pass,Fail
Pass,Pass
Pass,Pass
Pass,Fail
Pass,Pass
Pass,Pass
Pass,Pass
Pass,Fail
